id,left,top,right,bottom,image,image_url,assigned_user_id,origin_source_id
178,0.1088,0.0736,0.9796,0.9332,cropped-bag-images-dev/R0CY20H72DT_1.jpg,NULL,15,1834
179,0.1234,0.0137,0.8547,0.9970,cropped-bag-images-dev/VYDQU6L3R9O_1.jpg,NULL,15,1835
180,0.2437,0.1885,0.8038,0.9606,cropped-bag-images-dev/IQJU1KR1Z2E_1.jpg,NULL,15,1836
181,0.0175,0.2182,0.9817,0.7890,cropped-bag-images-dev/8T3QNQUN4MI_1.jpg,NULL,15,1837
182,0.0267,0.0102,0.9762,0.9702,cropped-bag-images-dev/PSLFSUDEMUZ_1.jpg,NULL,15,1838
183,0.0304,0.2482,0.9654,0.7661,cropped-bag-images-dev/K19HSLNWIWM_1.jpg,NULL,15,1839
184,0.0307,0.4273,0.9474,0.9519,cropped-bag-images-dev/8IWI4JDY2CE_1.jpg,NULL,15,1840
185,0.0231,0.1217,0.9788,0.9030,cropped-bag-images-dev/MWWXOCH000I_1.jpg,NULL,15,1841
186,0.0131,0.0329,1.0000,0.9465,cropped-bag-images-dev/QHFQ4WEOSFF_1.jpg,NULL,15,1842
187,0.0592,0.4290,0.9167,0.9273,cropped-bag-images-dev/1S0NIELVPQV_2.jpg,NULL,15,1843
188,0.1044,0.2360,0.8671,0.9480,cropped-bag-images-dev/I5YGRH2VYKI_1.jpg,NULL,15,1844
189,0.0981,0.4638,0.8956,0.9828,cropped-bag-images-dev/2BZREY8GBJN_1.jpg,NULL,15,1845
190,0.0061,0.0921,1.0000,0.9582,cropped-bag-images-dev/BEULCKY675Q_1.jpg,NULL,15,1846
191,0.0324,0.1871,0.9878,0.9288,cropped-bag-images-dev/6D3T9G6MOSK_1.jpg,NULL,15,1847
192,0.1930,0.1695,0.9146,0.9638,cropped-bag-images-dev/T5NMAFXJEKC_1.jpg,NULL,15,1848
193,0.0633,0.2613,0.9209,0.9733,cropped-bag-images-dev/1G69BDOBOEG_1.jpg,NULL,15,1849
194,0.1614,0.4701,0.7943,0.9860,cropped-bag-images-dev/GTN3Q1N3FVV_1.jpg,NULL,15,1850
195,0.1456,0.1315,0.9335,0.9480,cropped-bag-images-dev/P53HZ8DYGJW_1.jpg,NULL,15,1851
196,0.1709,0.1252,0.8892,0.9322,cropped-bag-images-dev/GMORA0AK72S_1.jpg,NULL,15,1852
197,0.2184,0.2265,0.8481,0.9701,cropped-bag-images-dev/4VL21UYM94Z_1.jpg,NULL,15,1853
198,0.1971,0.1156,0.8783,0.8632,cropped-bag-images-dev/TLAJQGY8XEA_1.jpg,NULL,15,1854
199,0.0221,0.1711,0.9871,0.7990,cropped-bag-images-dev/CBF2CXBZ0MC_1.jpg,NULL,15,1856
200,0.1213,0.4778,0.8936,0.9757,cropped-bag-images-dev/SJZR5U2V8MA_1.jpg,NULL,15,1858
201,0.1171,0.0122,0.8786,0.9922,cropped-bag-images-dev/E4YX7WKHAXH_1.jpg,NULL,15,1860
202,0.0475,0.2106,0.9335,0.9543,cropped-bag-images-dev/8JLLHO949FR_1.jpg,NULL,15,1861
203,0.0058,0.1932,0.9950,0.7644,cropped-bag-images-dev/UXZ4BOQ6EST_1.jpg,NULL,15,1862
204,0.0169,0.1532,0.9954,0.8516,cropped-bag-images-dev/WKXVJ3N5EBH_1.jpg,NULL,15,1863
205,0.0188,0.1449,0.9812,0.9199,cropped-bag-images-dev/P6TMIMSSJ1X_1.jpg,NULL,15,1864
206,0.3238,0.1645,0.7088,0.9602,cropped-bag-images-dev/1G8D1F78ROZ_1.jpg,NULL,15,1865
207,0.0052,0.1027,0.9914,0.9924,cropped-bag-images-dev/OG22G5QOH5R_1.jpg,NULL,15,1866
208,0.0918,0.4765,0.9146,0.9638,cropped-bag-images-dev/2LB7VKZ3TVQ_1.jpg,NULL,15,1867
209,0.1459,0.0230,0.7357,0.9649,cropped-bag-images-dev/3LEYF1Y2ELK_1.jpg,NULL,15,1868
210,0.1775,0.1723,0.8108,0.7932,cropped-bag-images-dev/QO5W7Y3Q63A_1.jpg,NULL,15,1869
211,0.0804,0.1815,0.9771,0.8056,cropped-bag-images-dev/HK3LZCVQ4XE_1.jpg,NULL,15,1870
212,0.1531,0.1873,0.8551,0.7985,cropped-bag-images-dev/VSQK7M6CR1C_1.jpg,NULL,15,1871
213,0.0062,0.1946,0.9969,1.0000,cropped-bag-images-dev/SZ84SAHLA2S_1.jpg,NULL,15,1872
214,0.0292,0.2227,0.9662,0.7665,cropped-bag-images-dev/OSRNZG5KKIJ_1.jpg,NULL,15,1875
215,0.0088,0.2069,0.9871,0.7906,cropped-bag-images-dev/8UPGTV870XM_1.jpg,NULL,15,1876
216,0.0000,0.0000,1.0000,1.0000,cropped-bag-images-dev/2F7825DQM9D_1.jpg,NULL,15,1877
217,0.1083,0.0259,0.9133,0.9193,cropped-bag-images-dev/EJ89XKUA48O_1.jpg,NULL,15,1880
219,0.0450,0.1106,0.4110,0.4716,cropped-bag-images-dev/8LU0VJMC0IC_1.jpg,NULL,15,1883
221,0.0000,0.0000,1.0000,1.0000,cropped-bag-images-dev/NQ2J2SZPVKY_1.jpg,NULL,15,1884
222,0.5382,0.0561,0.9527,0.9086,cropped-bag-images-dev/4X0WF9MS1KV_1.jpg,NULL,15,1885
223,0.0621,0.0463,0.9223,0.8527,cropped-bag-images-dev/BPN0I8FM81Z_1.jpg,NULL,15,1886
224,0.0673,0.0212,0.8937,0.9976,cropped-bag-images-dev/OT9106DJONU_1.jpg,NULL,15,1887
225,0.0553,0.0140,0.9511,0.9267,cropped-bag-images-dev/OGQZZCN12TE_1.jpg,NULL,15,1888
226,0.0203,0.0358,0.4984,0.9514,cropped-bag-images-dev/7M5IDJ06GIT_1.jpg,NULL,15,1889
227,0.0112,0.1235,0.9963,0.8754,cropped-bag-images-dev/5ZJ119EWHNF_1.jpg,NULL,15,1891
228,0.1210,0.1210,0.8807,0.8817,cropped-bag-images-dev/ODY2H3XQQBU_1.jpg,NULL,15,1893
229,0.0594,0.0821,0.9625,0.8519,cropped-bag-images-dev/ZK39BJXASXL_1.jpg,NULL,16,1894
230,0.0816,0.0471,0.9020,0.9711,cropped-bag-images-dev/TO073JHYOZL_1.jpg,NULL,16,1895
231,0.5711,0.0595,0.9603,0.6020,cropped-bag-images-dev/1HY33UKG3BP_1.jpg,NULL,16,1896
232,0.0102,0.0193,0.9529,0.9639,cropped-bag-images-dev/XT3Y2QSY5QT_1.jpg,NULL,16,1897
233,0.0000,0.1428,1.0000,0.8773,cropped-bag-images-dev/VOZKOYC8RNX_1.jpg,NULL,16,1898
234,0.0000,0.0000,1.0000,1.0000,cropped-bag-images-dev/91SJG0YHOLY_1.jpg,NULL,16,1899
235,0.0895,0.2115,0.8860,0.9484,cropped-bag-images-dev/7RBYQ4VBG4S_1.jpg,NULL,16,1903
236,0.0000,0.0000,1.0000,1.0000,cropped-bag-images-dev/QW02VH15ONK_1.jpg,NULL,16,1904
237,0.0198,0.0149,0.9446,0.9540,cropped-bag-images-dev/IO6K2Z0BOEF_1.jpg,NULL,16,1905
238,0.0261,0.0066,0.4203,0.3247,cropped-bag-images-dev/W6QO1VK0HII_1.jpg,NULL,16,1906
239,0.1650,0.0085,0.7417,0.9990,cropped-bag-images-dev/ZEL0C7FFU1D_1.jpg,NULL,16,1908
240,0.0084,0.2356,1.0000,0.9793,cropped-bag-images-dev/4H0KIIDYK5Z_1.jpg,NULL,16,1909
241,0.1938,0.0365,0.7873,0.7922,cropped-bag-images-dev/RMXNNN58SGJ_1.jpg,NULL,16,1910
242,0.2995,0.0514,0.7327,0.9710,cropped-bag-images-dev/OL14HLO0C1O_1.jpg,NULL,16,1911
243,0.1221,0.0071,0.8851,0.7946,cropped-bag-images-dev/EPTDIZSZU1M_1.jpg,NULL,16,1912
244,0.4690,0.3557,0.7450,0.6913,cropped-bag-images-dev/ZKA7LKGD17I_1.jpg,NULL,16,1913
245,0.1086,0.1711,0.8741,0.8170,cropped-bag-images-dev/U1U9I8O0SHD_1.jpg,NULL,16,1915
246,0.0636,0.0119,0.9327,0.9738,cropped-bag-images-dev/WN3K5C4EWFA_1.jpg,NULL,16,1917
247,0.0450,0.0000,0.9233,1.0000,cropped-bag-images-dev/IADBAV1OI9I_1.jpg,NULL,16,1918
248,0.1018,0.1597,0.9684,0.7504,cropped-bag-images-dev/JLJU6IB94GR_1.jpg,NULL,16,1919
249,0.1236,0.0660,0.8587,0.8527,cropped-bag-images-dev/965XZ5073UO_1.jpg,NULL,16,1920
250,0.0000,0.0000,1.0000,1.0000,cropped-bag-images-dev/NWOHKJZQ6RR_1.jpg,NULL,16,1921
251,0.0716,0.0000,0.9531,0.5059,cropped-bag-images-dev/QGAVOTSJBYE_1.jpg,NULL,16,1922
252,0.0095,0.3320,0.9716,0.9190,cropped-bag-images-dev/Y6JCMWRU8QO_1.jpg,NULL,16,1924
253,0.0138,0.3486,0.9983,0.6595,cropped-bag-images-dev/HQ72YQNB6NY_1.jpg,NULL,16,1926
254,0.0429,0.0171,0.9671,0.9742,cropped-bag-images-dev/76BN2TWHDQD_1.jpg,NULL,16,1931
255,0.0346,0.0000,0.9432,0.4713,cropped-bag-images-dev/N59FOLWJ5KB_1.jpg,NULL,16,1932
256,0.3340,0.1888,0.6333,0.8339,cropped-bag-images-dev/QQPWA6IEQOM_1.jpg,NULL,16,1938
257,0.2114,0.0137,0.7829,0.5922,cropped-bag-images-dev/4PP8APN6GPW_1.jpg,NULL,16,1939
258,0.0875,0.2564,0.4912,0.8664,cropped-bag-images-dev/KT0EM9HLLJJ_1.jpg,NULL,16,1940
259,0.1221,0.2341,0.8498,0.8866,cropped-bag-images-dev/ULHASGYMWFP_1.jpg,NULL,16,1941
260,0.2918,0.0186,0.7808,0.9805,cropped-bag-images-dev/0CAR7J1PIFG_1.jpg,NULL,16,1942
261,0.0758,0.3693,0.9593,0.9710,cropped-bag-images-dev/52XGP9OCKFS_1.jpg,NULL,16,1943
262,0.4096,0.2087,0.9935,0.9516,cropped-bag-images-dev/AQH5XJH88GV_1.jpg,NULL,16,1946
263,0.5725,0.0156,1.0000,0.8423,cropped-bag-images-dev/AJY6GAVHGGU_1.jpg,NULL,16,1949
264,0.5356,0.0604,0.9270,0.7967,cropped-bag-images-dev/9ZP4E0NGTYQ_1.jpg,NULL,16,1950
265,0.0558,0.0143,0.9519,0.9759,cropped-bag-images-dev/LOIWG59G9FU_1.jpg,NULL,16,1952
266,0.0000,0.0000,1.0000,1.0000,cropped-bag-images-dev/NWMWQNEQ4AL_1.jpg,NULL,16,1956
267,0.0556,0.0146,0.9556,0.9746,cropped-bag-images-dev/AZZNMWA6GNQ_1.jpg,NULL,16,1957
268,0.5175,0.1339,0.9325,0.8864,cropped-bag-images-dev/2QVALDIVVHJ_1.jpg,NULL,16,1955
269,0.0000,0.0000,1.0000,1.0000,cropped-bag-images-dev/O5X0CNIIU1B_1.jpg,NULL,16,1959
270,0.0000,0.0000,1.0000,1.0000,cropped-bag-images-dev/5JB7MB9Y3GZ_1.jpg,NULL,16,1960
271,0.1912,0.0465,0.7735,1.0000,cropped-bag-images-dev/FKDGGDSTAYV_1.jpg,NULL,16,1962
272,0.0082,0.2331,0.9932,0.9505,cropped-bag-images-dev/WTL7SXWF1JS_1.jpg,NULL,16,1963
273,0.3209,0.0376,0.7269,0.9796,cropped-bag-images-dev/FK552X8BZEO_1.jpg,NULL,16,1964
274,0.0486,0.1324,0.9514,0.8497,cropped-bag-images-dev/UJRDZFDUMRS_1.jpg,NULL,16,1965
275,0.0593,0.0135,0.9860,0.9882,cropped-bag-images-dev/2P6FO6NCUFD_1.jpg,NULL,16,1966
276,0.0000,0.0000,1.0000,1.0000,cropped-bag-images-dev/T90XYJ533LR_1.jpg,NULL,16,1967
277,0.0250,0.3111,1.0000,1.0000,cropped-bag-images-dev/EMG17KAG3SZ_1.jpg,NULL,16,1968
278,0.0200,0.0159,0.9900,0.9843,cropped-bag-images-dev/TYC4CXA9QOR_1.jpg,NULL,16,1969
279,0.0000,0.0000,1.0000,1.0000,cropped-bag-images-dev/OJJVQD9OIBN_1.jpg,NULL,16,1970
280,0.0708,0.0349,0.9333,0.9710,cropped-bag-images-dev/UM9MUVOE1VM_1.jpg,NULL,16,1971
281,0.2152,0.4670,0.7753,0.9575,cropped-bag-images-dev/6YO179XI85R_1.jpg,NULL,16,1972
282,0.1064,0.4820,0.8808,0.9778,cropped-bag-images-dev/ZI5PEUY3B0Y_1.jpg,NULL,16,1976
283,0.0000,0.0000,1.0000,1.0000,cropped-bag-images-dev/ZZGT9M7TGXJ_1.jpg,NULL,16,1977
284,0.0823,0.3505,0.6693,0.9994,cropped-bag-images-dev/Q963MMO1HCV_1.jpg,NULL,16,1978
285,0.0000,0.0000,1.0000,1.0000,cropped-bag-images-dev/GGHFQE9W8HL_1.jpg,NULL,16,1980
286,0.1294,0.0317,0.7412,0.7688,cropped-bag-images-dev/9YQVVA9QD1I_1.jpg,NULL,16,1981
287,0.0764,0.3762,0.9566,0.8844,cropped-bag-images-dev/LKD8JRMT9OA_1.jpg,NULL,16,1982
288,0.0688,0.2996,0.8866,0.9744,cropped-bag-images-dev/BPSFDB9B8HI_1.jpg,NULL,16,1983
289,0.0100,0.0193,0.9900,0.9576,cropped-bag-images-dev/1OP31JVDP2J_1.jpg,NULL,16,1984
290,0.0062,0.0710,0.9896,0.9238,cropped-bag-images-dev/YISK7GR5QCS_1.jpg,NULL,16,1985
291,0.0000,0.0000,1.0000,1.0000,cropped-bag-images-dev/ES0FIIMJ18L_1.jpg,NULL,16,1986
292,0.0000,0.0000,1.0000,1.0000,cropped-bag-images-dev/8MEPAKVI0IR_1.jpg,NULL,16,1987
293,0.0040,0.4421,1.0000,0.9635,cropped-bag-images-dev/LY3UWNJA1ZI_1.jpg,NULL,16,1988
294,0.1528,0.0267,0.7994,0.7664,cropped-bag-images-dev/9EJ9R1CAC9O_1.jpg,NULL,16,1989
295,0.0000,0.0000,1.0000,1.0000,cropped-bag-images-dev/W46VNL5Y7QG_1.jpg,NULL,16,1991
296,0.0691,0.0851,0.9182,0.9094,cropped-bag-images-dev/GKDJ28RZYEW_1.jpg,NULL,16,1993
297,0.0977,0.1277,1.0000,0.9621,cropped-bag-images-dev/MWI87ZMZCAY_1.jpg,NULL,16,1994
298,0.6775,0.3394,0.9950,0.5532,cropped-bag-images-dev/YF4F1JM6TSD_1.jpg,NULL,16,1997
299,0.0100,0.1226,1.0000,0.8709,cropped-bag-images-dev/546PX5UKCXU_1.jpg,NULL,16,1998
300,0.0117,0.1543,0.9900,0.8209,cropped-bag-images-dev/ZRWS5LAIO3Q_1.jpg,NULL,16,1999
301,0.0000,0.0000,1.0000,1.0000,cropped-bag-images-dev/JKF3W0M8LFE_1.jpg,NULL,16,2000
302,0.1150,0.0076,0.8917,0.9809,cropped-bag-images-dev/GS7EYZ4BC4H_1.jpg,NULL,16,2001
303,0.0188,0.0349,0.9625,0.9766,cropped-bag-images-dev/RTCLCZGQBZR_1.jpg,NULL,16,2002
304,0.1667,0.0168,0.8000,0.9554,cropped-bag-images-dev/1U7N1L39QHI_1.jpg,NULL,16,2003
305,0.0621,0.0527,0.9707,1.0000,cropped-bag-images-dev/VJM2UEL7W1R_1.jpg,NULL,16,2004
306,0.0130,0.2323,0.9333,0.8365,cropped-bag-images-dev/CW8S6XLJNBU_1.jpg,NULL,16,2005
307,0.0000,0.0000,1.0000,1.0000,cropped-bag-images-dev/VTKGMGDZ3EI_1.jpg,NULL,16,2006
308,0.1202,0.4954,0.8924,0.9638,cropped-bag-images-dev/DV18HF4U2ER_1.jpg,NULL,16,2007
309,0.0000,0.0000,1.0000,1.0000,cropped-bag-images-dev/WNE2KTCW62Q_1.jpg,NULL,16,2008
310,0.2120,0.0701,0.7920,0.7374,cropped-bag-images-dev/IS8313LZTLU_1.jpg,NULL,16,2010
311,0.0095,0.0498,0.9905,0.9434,cropped-bag-images-dev/G0U8VYV6KDA_1.jpg,NULL,16,2012
312,0.1685,0.0000,0.9429,0.4700,cropped-bag-images-dev/O1XXH0PSL2I_1.jpg,NULL,16,2014
313,0.0000,0.0000,1.0000,1.0000,cropped-bag-images-dev/DGH7P98JODL_1.jpg,NULL,16,2018
314,0.0543,0.0267,0.9701,0.9799,cropped-bag-images-dev/7EPS48IEKTY_1.jpg,NULL,16,2019
315,0.0177,0.1007,0.9864,0.8906,cropped-bag-images-dev/KEY9CWAUT1P_1.jpg,NULL,16,2020
316,0.0000,0.0862,1.0000,0.9180,cropped-bag-images-dev/SDEVDLGPH4A_1.jpg,NULL,16,2021
317,0.6984,0.6061,0.9592,0.9873,cropped-bag-images-dev/13PHCLKYLAC_1.jpg,NULL,16,2022
318,0.0000,0.0000,1.0000,1.0000,cropped-bag-images-dev/SDGB4UPD5RV_1.jpg,NULL,16,2023
319,0.0448,0.0582,0.9280,0.8820,cropped-bag-images-dev/S393ORKDRIR_1.jpg,NULL,16,2024
320,0.0196,0.0218,0.9609,0.9297,cropped-bag-images-dev/7QE5HS3586B_1.jpg,NULL,16,2026
321,0.0283,0.1409,0.9967,0.8659,cropped-bag-images-dev/HTGXO4GMHVH_1.jpg,NULL,16,2027
322,0.0000,0.0000,1.0000,1.0000,cropped-bag-images-dev/L1ZWZURJF6J_1.jpg,NULL,16,2028
323,0.1173,0.0261,0.8680,0.9781,cropped-bag-images-dev/OSFY4GX2R9O_1.jpg,NULL,16,2029
324,0.0823,0.2233,0.8892,0.9796,cropped-bag-images-dev/HCUOK35XJXG_1.jpg,NULL,16,2030
325,0.0233,0.0339,0.9933,0.9689,cropped-bag-images-dev/TJOKNNEFFYD_1.jpg,NULL,16,2033
326,0.0667,0.1718,0.7493,0.8240,cropped-bag-images-dev/2VQFNM9VXXF_1.jpg,NULL,16,2034
327,0.1472,0.0297,0.8085,0.9611,cropped-bag-images-dev/5YRUWJB0MBR_1.jpg,NULL,16,2035
328,0.0000,0.0000,1.0000,1.0000,cropped-bag-images-dev/FABJ5VUHM7W_1.jpg,NULL,16,2036
329,0.0000,0.0000,1.0000,1.0000,cropped-bag-images-dev/XY6HX3301HW_1.jpg,NULL,16,2037
330,0.0153,0.0164,0.9873,0.9710,cropped-bag-images-dev/EXJGCO5HGMN_1.jpg,NULL,16,2038
331,0.0000,0.0000,1.0000,1.0000,cropped-bag-images-dev/G3CXQOQA3VC_1.jpg,NULL,16,2039
332,0.1943,0.0294,0.7529,0.9851,cropped-bag-images-dev/NA7ODWVKQTF_1.jpg,NULL,16,2040
333,0.0489,0.1345,0.9864,0.9308,cropped-bag-images-dev/6G9WE4XKMFR_1.jpg,NULL,16,2041
334,0.0910,0.1489,0.9212,0.9790,cropped-bag-images-dev/XFXDKYRN4UV_1.jpg,NULL,16,2042
335,0.3400,0.3019,1.0000,1.0000,cropped-bag-images-dev/ZETIIY3P5SB_1.jpg,NULL,16,2044
336,0.0111,0.1230,0.6916,0.9798,cropped-bag-images-dev/V6RCWBBO7TB_1.jpg,NULL,16,2045
337,0.0000,0.0000,1.0000,1.0000,cropped-bag-images-dev/237E5ZF71RH_1.jpg,NULL,16,2046
338,0.0350,0.0970,0.9270,0.9387,cropped-bag-images-dev/84R7RDNYSNJ_1.jpg,NULL,16,2049
339,0.0052,0.0228,0.9922,0.8911,cropped-bag-images-dev/ACC8S44RRVA_1.jpg,NULL,16,2050
340,0.0000,0.0000,1.0000,1.0000,cropped-bag-images-dev/TFYYRWVNT1V_1.jpg,NULL,16,2052
341,0.0000,0.0000,1.0000,1.0000,cropped-bag-images-dev/400QYLU8UBQ_1.jpg,NULL,16,2053
342,0.0020,0.1111,0.9940,0.8971,cropped-bag-images-dev/747NVZO4YRG_1.jpg,NULL,16,2058
343,0.0653,0.0613,0.8747,0.9032,cropped-bag-images-dev/17OODKYEB0A_1.jpg,NULL,16,2059
344,0.5290,0.0206,0.9540,0.5516,cropped-bag-images-dev/K635RN2H2WE_1.jpg,NULL,16,2060
345,0.0000,0.0000,1.0000,1.0000,cropped-bag-images-dev/CJ25BOZZKHF_1.jpg,NULL,16,2062
346,0.0000,0.0000,1.0000,1.0000,cropped-bag-images-dev/F1ZNWZIDK6L_1.jpg,NULL,16,2063
347,0.0174,0.1304,0.9931,0.8908,cropped-bag-images-dev/K50MCPAAOAO_1.jpg,NULL,16,2064
348,0.0000,0.0000,1.0000,1.0000,cropped-bag-images-dev/AE7JHCW7BCC_1.jpg,NULL,16,2065
349,0.0156,0.0222,0.9429,0.9028,cropped-bag-images-dev/FMTMH4SBLYG_1.jpg,NULL,16,2067
350,0.0000,0.0000,1.0000,1.0000,cropped-bag-images-dev/XGPW4RYHNMC_1.jpg,NULL,16,2068
351,0.0891,0.2852,0.9156,0.8784,cropped-bag-images-dev/SDWY3AZ3Z9K_1.jpg,NULL,16,2069
352,0.0556,0.0139,0.9166,0.9864,cropped-bag-images-dev/IR07QW16QMW_1.jpg,NULL,16,2070
353,0.0000,0.0000,1.0000,1.0000,cropped-bag-images-dev/2UHBO044HBK_1.jpg,NULL,16,2071
354,0.0125,0.1861,1.0000,0.9924,cropped-bag-images-dev/4ZBZQMUKKZF_1.jpg,NULL,16,2073
355,0.0000,0.0000,1.0000,1.0000,cropped-bag-images-dev/RVET28KYMKH_1.jpg,NULL,16,2074
356,0.0067,0.2855,0.9908,0.9580,cropped-bag-images-dev/1SFI2GKLOUX_1.jpg,NULL,16,2077
357,0.0675,0.1705,0.8992,0.9505,cropped-bag-images-dev/X3R8B8A7Y4C_1.jpg,NULL,16,2078
358,0.0000,0.0000,1.0000,1.0000,cropped-bag-images-dev/EU25Q0USQUT_1.jpg,NULL,16,2084
359,0.0000,0.0000,1.0000,1.0000,cropped-bag-images-dev/9UAN60I42QC_1.jpg,NULL,16,2085
360,0.0000,0.0000,1.0000,1.0000,cropped-bag-images-dev/3JLCA8UY7CD_1.jpg,NULL,16,2086
361,0.0125,0.1363,0.9825,0.9480,cropped-bag-images-dev/4TOTV35C0HJ_1.jpg,NULL,16,2087
362,0.1007,0.0224,0.8604,0.9943,cropped-bag-images-dev/P2KP24UK5XX_1.jpg,NULL,16,2089
363,0.0281,0.0424,0.9562,0.9893,cropped-bag-images-dev/JWLFGNCDOOX_1.jpg,NULL,16,2092
365,0.0357,0.0951,1.0000,0.9165,cropped-bag-images-dev/2FWJUXG2OPQ_1.jpg,NULL,16,2097
366,0.0475,0.2157,0.9650,0.8857,cropped-bag-images-dev/3P9OL5T5MIZ_1.jpg,NULL,16,2106
367,0.1000,0.1910,0.9059,0.8799,cropped-bag-images-dev/C3GD51M4YEL_1.jpg,NULL,16,2108
368,0.0197,0.0137,0.9754,0.9750,cropped-bag-images-dev/YCLU1XR2TRD_1.jpg,NULL,16,2110
369,0.0000,0.0000,1.0000,1.0000,cropped-bag-images-dev/17QKYHY916Q_1.jpg,NULL,16,2111
370,0.0156,0.2674,0.6375,0.7861,cropped-bag-images-dev/0YY3XFD21UD_1.jpg,NULL,16,2112
371,0.0000,0.0000,1.0000,1.0000,cropped-bag-images-dev/6SK95Q4CCNO_1.jpg,NULL,16,2114
372,0.0262,0.0420,0.9662,0.9194,cropped-bag-images-dev/31SDRZ9ZLEV_1.jpg,NULL,16,2115
373,0.0000,0.0000,1.0000,1.0000,cropped-bag-images-dev/OT3FF3WEOEQ_1.jpg,NULL,16,2116
374,0.0656,0.0471,0.9595,0.9773,cropped-bag-images-dev/A8QK7VJGQYO_1.jpg,NULL,16,2117
375,0.1182,0.0687,1.0000,1.0000,cropped-bag-images-dev/ZSN6ZRZ250A_1.jpg,NULL,16,2118
376,0.0175,0.2039,0.6575,0.8739,cropped-bag-images-dev/YDYHFDMUOSE_1.jpg,NULL,16,2120
377,0.0762,0.0099,0.8936,0.9797,cropped-bag-images-dev/Y7H3BUI3RIX_1.jpg,NULL,16,2121
378,0.0967,0.1764,0.8680,0.8397,cropped-bag-images-dev/4NSCURQWGWY_1.jpg,NULL,16,2122
379,0.1418,0.0134,0.8582,0.9514,cropped-bag-images-dev/3NLZL9H5AKC_1.jpg,NULL,16,2123
380,0.0440,0.1062,0.9560,0.9462,cropped-bag-images-dev/DUIWW1T4S1P_1.jpg,NULL,16,2124
381,0.0276,0.0000,1.0000,0.9613,cropped-bag-images-dev/MDMQ3LV14VS_1.jpg,NULL,16,2125
382,0.0157,0.0871,0.3614,0.8061,cropped-bag-images-dev/691UKFAYIDX_1.jpg,NULL,16,2126
383,0.1817,0.0093,0.8133,0.9993,cropped-bag-images-dev/UU1S5JYNQTZ_1.jpg,NULL,16,2128
384,0.5200,0.1204,0.9786,0.8918,cropped-bag-images-dev/GCLDMNERHRO_1.jpg,NULL,16,2129
385,0.1271,0.0591,0.8136,0.9763,cropped-bag-images-dev/V6JDR3LOXQE_1.jpg,NULL,16,2130
386,0.1933,0.0493,0.9778,0.9793,cropped-bag-images-dev/VQJM5GATW1U_1.jpg,NULL,16,2131
387,0.1933,0.0493,0.9778,0.9793,cropped-bag-images-dev/WQMU6EMWDNL_1.jpg,NULL,16,2131
388,0.0000,0.0000,1.0000,1.0000,cropped-bag-images-dev/AYWZ29A2KAN_1.jpg,NULL,16,2132
389,0.1227,0.0324,0.8660,0.9477,cropped-bag-images-dev/CX0MWJJ3WPZ_1.jpg,NULL,16,2133
390,0.0169,0.1888,0.9958,0.8795,cropped-bag-images-dev/RF2Z7C7514O_1.jpg,NULL,16,2134
391,0.0285,0.0000,0.9688,0.9048,cropped-bag-images-dev/CIGEJ2L8JMX_1.jpg,NULL,16,2135
392,0.2314,0.0418,0.7200,0.4966,cropped-bag-images-dev/NOY11VQX06J_1.jpg,NULL,16,2136
393,0.0000,0.0000,1.0000,1.0000,cropped-bag-images-dev/0S6Q4KRCR5M_1.jpg,NULL,16,2137
394,0.0000,0.0000,1.0000,1.0000,cropped-bag-images-dev/9DI0LYLEJXZ_1.jpg,NULL,16,2139
395,0.0000,0.0000,1.0000,1.0000,cropped-bag-images-dev/WXNVG8XJ8IZ_1.jpg,NULL,16,2140
396,0.0420,0.0386,0.9510,0.9426,cropped-bag-images-dev/MLVFRZK20FG_1.jpg,NULL,16,2141
397,0.3771,0.0371,0.9500,0.9323,cropped-bag-images-dev/H0I7K27S9UD_1.jpg,NULL,16,2142
398,0.0762,0.1724,0.9062,0.8472,cropped-bag-images-dev/QNXZHA2IDFO_1.jpg,NULL,16,2143
399,0.0140,0.5917,0.2620,0.9834,cropped-bag-images-dev/JJAZJNZ13QZ_1.jpg,NULL,16,2144
400,0.0000,0.0000,1.0000,1.0000,cropped-bag-images-dev/705AFD5MYHE_1.jpg,NULL,16,2145
401,0.0041,0.1264,1.0000,0.8465,cropped-bag-images-dev/14H9LY400DF_1.jpg,NULL,16,2147
402,0.0000,0.0000,1.0000,1.0000,cropped-bag-images-dev/ADNPYQEY9WK_1.jpg,NULL,16,2149
403,0.0000,0.1837,0.9958,0.9977,cropped-bag-images-dev/TMOI3US616B_1.jpg,NULL,16,2151
404,0.5486,0.3252,0.9643,0.9942,cropped-bag-images-dev/EG0GIG3DOBJ_1.jpg,NULL,16,2152
405,0.1896,0.0029,0.7999,0.7148,cropped-bag-images-dev/RV5P5K684SH_1.jpg,NULL,16,2153
407,0.0040,0.0103,0.9987,0.9174,cropped-bag-images-dev/S20I7AEMZ8Y_1.jpg,NULL,16,2155
408,0.5826,0.0632,0.9642,0.6120,cropped-bag-images-dev/W7JRE5YLP9Y_1.jpg,NULL,16,2157
409,0.1200,0.0000,0.8183,1.0000,cropped-bag-images-dev/72N3BB47UTI_1.jpg,NULL,16,2158
410,0.4796,0.0320,0.9651,0.8532,cropped-bag-images-dev/Z6GQD5DMH5O_1.jpg,NULL,16,2159
411,0.1229,0.0724,0.9788,0.9393,cropped-bag-images-dev/HWJWPHGUPKN_1.jpg,NULL,16,2161
412,0.0000,0.1109,1.0000,0.6726,cropped-bag-images-dev/WFZ54UMT58P_1.jpg,NULL,16,2162
413,0.1110,0.0000,0.8600,0.9440,cropped-bag-images-dev/GHTA6T52G7V_1.jpg,NULL,16,2167
414,0.0000,0.0000,1.0000,1.0000,cropped-bag-images-dev/463V7S1NKPD_1.jpg,NULL,16,2168
415,0.4614,0.0442,0.9771,0.9299,cropped-bag-images-dev/7ZHIFJBMQSP_1.jpg,NULL,16,2169
416,0.0000,0.0000,1.0000,1.0000,cropped-bag-images-dev/WNS0FA0635S_1.jpg,NULL,16,2171
417,0.0000,0.0000,1.0000,1.0000,cropped-bag-images-dev/5QKBGS5EO5B_1.jpg,NULL,16,2172
418,0.0000,0.0000,1.0000,1.0000,cropped-bag-images-dev/MZ2IW4NN24E_1.jpg,NULL,16,2173
419,0.0000,0.0000,1.0000,1.0000,cropped-bag-images-dev/1GD87FS596Z_1.jpg,NULL,16,2175
420,0.1970,0.0998,0.8100,0.9559,cropped-bag-images-dev/X4BVOIOJF7N_1.jpg,NULL,16,2176
421,0.0000,0.0000,1.0000,1.0000,cropped-bag-images-dev/UU2I5QL15XX_1.jpg,NULL,16,2177
422,0.1307,0.0993,0.8765,0.9131,cropped-bag-images-dev/SNA0CI7SR5X_1.jpg,NULL,16,2178
423,0.5392,0.0604,0.9253,0.7967,cropped-bag-images-dev/71IZWL3ICCK_1.jpg,NULL,16,2179
424,0.5186,0.1656,0.9643,0.9370,cropped-bag-images-dev/PY730QIIURE_1.jpg,NULL,16,2180
425,0.0381,0.1592,0.9661,0.9431,cropped-bag-images-dev/LOTHIYX2SQN_1.jpg,NULL,16,2181
426,0.0000,0.0000,1.0000,1.0000,cropped-bag-images-dev/UMX1LFRUHEV_1.jpg,NULL,16,2182
427,0.0086,0.0228,0.5057,0.9752,cropped-bag-images-dev/1EKXJ4S0X7H_1.jpg,NULL,16,2183
428,0.0071,0.0799,0.3471,0.9394,cropped-bag-images-dev/VGHYFHFEKGL_1.jpg,NULL,16,2186
429,0.2080,0.0091,0.7700,0.9991,cropped-bag-images-dev/3Q3AW8XN5CT_1.jpg,NULL,16,2187
430,0.1370,0.0000,0.9030,0.9149,cropped-bag-images-dev/I5T5AKZ17KP_1.jpg,NULL,16,2189
431,0.5100,0.2585,0.9814,0.8752,cropped-bag-images-dev/WDIQR23E22H_1.jpg,NULL,16,2190
432,0.1110,0.1612,0.9330,0.9440,cropped-bag-images-dev/V58H7HIJ3AE_1.jpg,NULL,16,2193
433,0.0071,0.0228,0.5329,0.9156,cropped-bag-images-dev/L4S365WIC0X_1.jpg,NULL,16,2194
434,0.0294,0.0280,0.6382,0.9984,cropped-bag-images-dev/YW64OM9KHZT_1.jpg,NULL,16,2196
435,0.1084,0.0031,0.8655,1.0000,cropped-bag-images-dev/C8A6S6AEUJS_1.jpg,NULL,16,2198
436,0.0404,0.0151,0.9617,0.9971,cropped-bag-images-dev/IAQW9CY4SRK_1.jpg,NULL,16,2199
437,0.0551,0.3097,0.9746,0.8970,cropped-bag-images-dev/D9N3ZBSM8GC_1.jpg,NULL,16,2203
438,0.0169,0.0998,0.9873,0.8922,cropped-bag-images-dev/TPYEVAIM68F_1.jpg,NULL,16,2204
439,0.2257,0.0151,0.7351,0.9911,cropped-bag-images-dev/UYOUUS40HHM_1.jpg,NULL,16,2206
440,0.2800,0.0085,0.7400,0.9522,cropped-bag-images-dev/R385VLARAGE_1.jpg,NULL,16,2207
441,0.0238,0.1357,0.9962,0.8957,cropped-bag-images-dev/M4BJ55K0XCO_1.jpg,NULL,16,2209
442,0.1188,0.0782,1.0000,1.0000,cropped-bag-images-dev/AINV1N11L2D_1.jpg,NULL,16,2211
443,0.0120,0.0217,0.9980,0.9806,cropped-bag-images-dev/JRVRVBRMGSR_1.jpg,NULL,16,2212
444,0.0183,0.0376,0.9800,0.9926,cropped-bag-images-dev/4MY1ZO3FL7T_1.jpg,NULL,16,2213
445,0.0093,0.0177,0.9906,0.9859,cropped-bag-images-dev/EAC6QJZ95YB_1.jpg,NULL,16,2216
446,0.0573,0.0737,0.8987,0.9443,cropped-bag-images-dev/WC8S1GZK4CA_1.jpg,NULL,16,2217
447,0.1012,0.0457,0.8725,0.9694,cropped-bag-images-dev/NTVDFOQ3TBD_1.jpg,NULL,16,2218
448,0.0188,0.0607,0.9675,0.8644,cropped-bag-images-dev/8XM8J8MLCBA_1.jpg,NULL,16,2221
449,0.0136,0.2363,0.9918,0.9659,cropped-bag-images-dev/965HAZVAX2N_1.jpg,NULL,16,2223
450,0.0000,0.0000,1.0000,1.0000,cropped-bag-images-dev/Z6KYMD7CYWV_1.jpg,NULL,16,2224
451,0.0000,0.0000,1.0000,1.0000,cropped-bag-images-dev/HWOD9EEIK6S_1.jpg,NULL,16,2225
452,0.0277,0.0680,1.0000,0.9600,cropped-bag-images-dev/LWX0W19NM7F_1.jpg,NULL,16,2226
453,0.1017,0.0293,0.8833,0.9859,cropped-bag-images-dev/3OU2EAQIEHE_1.jpg,NULL,16,2227
454,0.0000,0.0000,1.0000,1.0000,cropped-bag-images-dev/HCB0BQMSCPT_1.jpg,NULL,16,2228
455,0.0000,0.0000,1.0000,1.0000,cropped-bag-images-dev/SUOXKY56O1G_1.jpg,NULL,16,2229
456,0.0212,0.0632,0.9338,0.8694,cropped-bag-images-dev/J04YPMYJY8U_1.jpg,NULL,16,2231
457,0.0249,0.1511,1.0000,0.8520,cropped-bag-images-dev/L2DQ5N4LOXO_1.jpg,NULL,16,2234
458,0.0471,0.0847,0.9889,0.9462,cropped-bag-images-dev/GJQ3V8VLHVI_1.jpg,NULL,16,2237
459,0.1120,0.0491,0.9787,0.9431,cropped-bag-images-dev/VZF3QMB4LSI_1.jpg,NULL,16,2238
460,0.0526,0.1013,0.9612,0.9185,cropped-bag-images-dev/WZJ9NBW5YRZ_1.jpg,NULL,16,2240
461,0.1213,0.2364,0.8173,0.5661,cropped-bag-images-dev/Z3TZZC880NO_1.jpg,NULL,16,2242
462,0.0688,0.0407,0.9312,0.9870,cropped-bag-images-dev/4QFDO8MSTOZ_1.jpg,NULL,16,2244
463,0.1720,0.5553,0.8973,0.9157,cropped-bag-images-dev/RJWP22O11KP_1.jpg,NULL,16,2245
464,0.0000,0.0000,1.0000,1.0000,cropped-bag-images-dev/U84Z3UU08EG_1.jpg,NULL,16,2246
465,0.1220,0.0444,0.8913,0.9830,cropped-bag-images-dev/4SDKPYEVLDN_1.jpg,NULL,16,2247
466,0.0703,0.0790,0.9922,0.9681,cropped-bag-images-dev/1820RKAMLVZ_1.jpg,NULL,16,2249
467,0.0900,0.0909,1.0000,0.9240,cropped-bag-images-dev/K4V7KAKZN4H_1.jpg,NULL,16,2250
468,0.2436,0.1585,0.6859,0.9648,cropped-bag-images-dev/UMU0QEIO6UP_1.jpg,NULL,16,2252
469,0.0000,0.0000,1.0000,1.0000,cropped-bag-images-dev/247BZSL2AVQ_1.jpg,NULL,16,2255
470,0.1075,0.0064,0.8975,0.6989,cropped-bag-images-dev/EA8GX004CBP_1.jpg,NULL,16,2256
471,0.0886,0.0376,0.9751,0.9932,cropped-bag-images-dev/7CFGP9RL0BV_1.jpg,NULL,16,2257
472,0.0289,0.0884,0.9744,0.9662,cropped-bag-images-dev/51ID6G9JRGG_1.jpg,NULL,16,2258
473,0.0070,0.0496,0.9760,0.9756,cropped-bag-images-dev/6C5X54E8D1C_1.jpg,NULL,16,2261
474,0.0325,0.1370,0.9838,0.9794,cropped-bag-images-dev/482NCZ700DZ_1.jpg,NULL,16,2262
475,0.0740,0.0064,0.9127,0.9990,cropped-bag-images-dev/975YDAMV63Z_1.jpg,NULL,16,2263
476,0.0140,0.1091,0.9960,0.9771,cropped-bag-images-dev/ZNQ4AZ2HLLJ_1.jpg,NULL,16,2264
477,0.0263,0.0447,0.9309,0.9709,cropped-bag-images-dev/TOGO7HLE1HU_1.jpg,NULL,16,2266
478,0.1240,0.0231,0.9520,0.9471,cropped-bag-images-dev/7BZGQ4Q9MYT_1.jpg,NULL,16,2268
479,0.0234,0.1181,0.9641,0.9181,cropped-bag-images-dev/E1H2KASP2CP_1.jpg,NULL,16,2269
480,0.0667,0.0552,0.7067,0.9285,cropped-bag-images-dev/L708OYHG5PC_1.jpg,NULL,16,2270
481,0.0000,0.0000,1.0000,1.0000,cropped-bag-images-dev/W3HQ4BF1CUI_1.jpg,NULL,16,2271
482,0.0484,0.0696,0.9703,0.9306,cropped-bag-images-dev/WXQM311F6JS_1.jpg,NULL,16,2274
483,0.0538,0.0632,0.9738,0.9257,cropped-bag-images-dev/H3I6DFNLK1B_1.jpg,NULL,16,2276
484,0.0299,0.0121,0.9239,0.9855,cropped-bag-images-dev/EDTLGULTFFR_1.jpg,NULL,16,2281
485,0.0080,0.0426,0.9940,0.9436,cropped-bag-images-dev/HLAJO3HZZ8N_1.jpg,NULL,16,2282
486,0.0250,0.0084,0.9300,0.8763,cropped-bag-images-dev/M1CRMF08HID_1.jpg,NULL,16,2283
487,0.0228,0.0153,0.8526,0.8354,cropped-bag-images-dev/FRUW1B3BJ6G_1.jpg,NULL,16,2284
488,0.0867,0.0238,0.8675,0.9246,cropped-bag-images-dev/NWPHBV7GS9M_1.jpg,NULL,16,2285
489,0.0109,0.0105,0.6100,0.3065,cropped-bag-images-dev/E7J14VHEQ8M_1.jpg,NULL,16,2291
490,0.0250,0.0418,0.9225,0.9231,cropped-bag-images-dev/1JT3VSDOQIJ_1.jpg,NULL,16,2293
491,0.0561,0.0422,0.9454,0.9808,cropped-bag-images-dev/ZLO35DV6ELK_1.jpg,NULL,16,2295
492,0.1193,0.0054,0.8841,0.9948,cropped-bag-images-dev/82UQCPAXRGR_1.jpg,NULL,16,2296
493,0.0350,0.0506,0.9819,0.9448,cropped-bag-images-dev/P7E1OJXAMOS_1.jpg,NULL,16,2297
494,0.0177,0.0048,0.9742,0.9902,cropped-bag-images-dev/SBB2KR38OLY_1.jpg,NULL,16,2302
495,0.0390,0.2714,0.7959,0.8338,cropped-bag-images-dev/T9TV46AD69K_1.jpg,NULL,16,2303
496,0.3586,0.5148,0.6713,0.7992,cropped-bag-images-dev/YJB5AIQEIWP_1.jpg,NULL,16,2304
497,0.1750,0.0359,0.9733,0.9376,cropped-bag-images-dev/RL1Q4UJ0TVC_1.jpg,NULL,16,2305
498,0.1600,0.0079,0.8568,1.0000,cropped-bag-images-dev/TVC43WYQGPP_1.jpg,NULL,16,2306
499,0.0432,0.0054,0.9420,0.9933,cropped-bag-images-dev/XTTE96W1RJG_1.jpg,NULL,16,2308
500,0.0000,0.0000,1.0000,1.0000,cropped-bag-images-dev/3D34XZVQ3VP_1.jpg,NULL,16,2310
501,0.0300,0.0247,0.3400,0.9267,cropped-bag-images-dev/ARJOCNYFGKZ_1.jpg,NULL,16,2311
502,0.3660,0.0000,0.9681,0.8860,cropped-bag-images-dev/8RU0G7UV5GZ_1.jpg,NULL,16,2312
503,0.2471,0.0000,0.9927,0.4416,cropped-bag-images-dev/E0YBRL3BUGK_1.jpg,NULL,16,2314
504,0.0545,0.0400,0.9541,0.9440,cropped-bag-images-dev/ITTVPZKMD5C_1.jpg,NULL,16,2317
505,0.0190,0.0021,0.9090,0.9845,cropped-bag-images-dev/1YNWW6ORCLN_1.jpg,NULL,16,2318
506,0.0138,0.3561,0.9448,0.6653,cropped-bag-images-dev/RKITURVWLGX_1.jpg,NULL,16,2322
507,0.0000,0.0000,1.0000,1.0000,cropped-bag-images-dev/CRFWO3RBVHP_1.jpg,NULL,16,2327
508,0.0000,0.0000,1.0000,1.0000,cropped-bag-images-dev/9THEDO81TOV_1.jpg,NULL,16,2328
509,0.0143,0.0194,0.9800,0.9722,cropped-bag-images-dev/913TIU9ZMWY_1.jpg,NULL,16,2329
510,0.0000,0.0000,1.0000,1.0000,cropped-bag-images-dev/PUNJY9BCANE_1.jpg,NULL,16,2330
511,0.1500,0.0743,0.8783,0.9159,cropped-bag-images-dev/N0Z6PB5KWCC_1.jpg,NULL,16,2331
512,0.2461,0.2958,0.4274,0.6129,cropped-bag-images-dev/YM5FV4OV6OC_1.jpg,NULL,16,2334
513,0.0000,0.0000,1.0000,1.0000,cropped-bag-images-dev/TW84XERLTDF_1.jpg,NULL,16,2336
514,0.0512,0.0391,0.7089,0.8816,cropped-bag-images-dev/KT2OGKXQWGC_1.jpg,NULL,16,2337
515,0.2517,0.0176,0.9000,0.9159,cropped-bag-images-dev/ZN5L5BNMHUR_1.jpg,NULL,16,2342
517,0.1347,0.0787,0.8213,0.9036,cropped-bag-images-dev/F5515V0WBLM_1.jpg,NULL,16,2350
518,0.0750,0.0095,0.9400,1.0000,cropped-bag-images-dev/B6COANSCJ7P_1.jpg,NULL,16,2354
519,0.1794,0.0000,0.7734,0.8349,cropped-bag-images-dev/6YXL7MXQ77Y_1.jpg,NULL,16,2355
520,0.1296,0.0382,0.8732,0.9819,cropped-bag-images-dev/DEQVEDZGZXQ_1.jpg,NULL,16,2356
521,0.0000,0.0000,1.0000,1.0000,cropped-bag-images-dev/G25IR3FGJLH_1.jpg,NULL,16,2357
522,0.0206,0.0428,0.9824,0.9836,cropped-bag-images-dev/JU4G6RLW17A_1.jpg,NULL,16,2361
523,0.0107,0.0331,0.9787,0.9571,cropped-bag-images-dev/JEZIPCSLJ4G_1.jpg,NULL,16,2362
524,0.6426,0.0044,1.0000,0.6022,cropped-bag-images-dev/OM8BQILU88F_1.jpg,NULL,16,2365
526,0.3310,0.5286,0.7034,0.8079,cropped-bag-images-dev/H6KPX27JLMP_1.jpg,NULL,16,2367
527,0.7744,0.2064,0.9596,0.8139,cropped-bag-images-dev/HKBU0N9FYUQ_1.jpg,NULL,16,2368
528,0.3878,0.2880,1.0000,0.6507,cropped-bag-images-dev/4C7753APATD_1.jpg,NULL,16,2369
529,0.0065,0.1555,0.4510,0.5176,cropped-bag-images-dev/P2VLS941DOP_1.jpg,NULL,16,2371
530,0.7910,0.7318,0.9290,0.9378,cropped-bag-images-dev/YJHQMYM3QCR_1.jpg,NULL,16,2372
531,0.0000,0.3721,0.6327,0.6057,cropped-bag-images-dev/E15QMRXXDKT_2.jpg,NULL,16,2373
532,0.4060,0.5206,0.9242,0.9586,cropped-bag-images-dev/RID6DNY1VKF_1.jpg,NULL,16,2374
533,0.4121,0.4364,0.6220,0.5904,cropped-bag-images-dev/4VNE9E8XTYU_2.jpg,NULL,16,2375
534,0.0075,0.0207,0.6512,0.9032,cropped-bag-images-dev/G3VUP1UMOYW_1.jpg,NULL,16,2376
535,0.3260,0.5130,0.5550,0.9513,cropped-bag-images-dev/Z7BZ3NBYKRP_1.jpg,NULL,16,2378
536,0.2366,0.3017,0.4385,0.6129,cropped-bag-images-dev/9YHCTXRY4UF_1.jpg,NULL,16,2380
537,0.6720,0.4619,0.8830,0.8530,cropped-bag-images-dev/XN9L6HE2QDF_1.jpg,NULL,16,2382
538,0.1996,0.0007,0.7541,0.8490,cropped-bag-images-dev/AM7HSF2MODJ_1.jpg,NULL,16,2383
539,0.2425,0.1619,0.5700,0.7719,cropped-bag-images-dev/8GF1KVX27RD_1.jpg,NULL,16,2385
540,0.7417,0.6301,0.9717,0.9346,cropped-bag-images-dev/4Q8AV5N6RSJ_1.jpg,NULL,16,2386
541,0.4630,0.6421,0.6310,0.8248,cropped-bag-images-dev/VEX7AZPTIYK_1.jpg,NULL,16,2388
542,0.0030,0.6048,0.2400,0.9642,cropped-bag-images-dev/UXHADEPLSOQ_1.jpg,NULL,16,2390
543,0.1359,0.5263,0.3250,0.9851,cropped-bag-images-dev/AQZCO9B4HZH_1.jpg,NULL,16,2391
544,0.2636,0.5315,0.5454,0.9469,cropped-bag-images-dev/W4E5NXXTB8K_1.jpg,NULL,16,2392
545,0.5000,0.2789,0.9195,0.6419,cropped-bag-images-dev/2RGBL2HCJWS_1.jpg,NULL,16,2393
546,0.2871,0.0000,0.9053,0.8705,cropped-bag-images-dev/NI0D8AJQ6NJ_1.jpg,NULL,16,2394
547,0.4679,0.6726,0.9611,0.9666,cropped-bag-images-dev/VTE5P5DJVMY_1.jpg,NULL,16,2395
548,0.5779,0.2556,0.9462,0.8606,cropped-bag-images-dev/B74K3UROCQK_1.jpg,NULL,16,2396
549,0.3316,0.3413,1.0000,0.7470,cropped-bag-images-dev/RH8H55NY5LR_1.jpg,NULL,16,2397
550,0.0000,0.3526,0.6279,0.9466,cropped-bag-images-dev/BDC7SDP1IPX_1.jpg,NULL,16,2399
551,0.3040,0.6844,0.4930,1.0000,cropped-bag-images-dev/CSZENXGJ2AI_1.jpg,NULL,16,2400
552,0.6060,0.3415,0.8390,0.7102,cropped-bag-images-dev/4DL19UIT2OX_1.jpg,NULL,16,2402
553,0.1800,0.1951,0.7960,0.7971,cropped-bag-images-dev/ED0I76TL35Q_1.jpg,NULL,16,2403
554,0.0297,0.1176,0.9576,0.7663,cropped-bag-images-dev/0518PKX9F6Q_1.jpg,NULL,16,2634
555,0.2704,0.2888,0.8845,0.6706,cropped-bag-images-dev/M8N8SKBDTLW_1.jpg,NULL,16,2635
556,0.1140,0.1912,0.8930,0.8516,cropped-bag-images-dev/43JH1AYO4NB_1.jpg,NULL,16,2636
557,0.0067,0.0251,0.8883,0.6762,cropped-bag-images-dev/0V6AUICJ8MK_1.jpg,NULL,16,2637
558,0.1037,0.0122,0.8685,1.0000,cropped-bag-images-dev/1U9JR0YRTXB_1.jpg,NULL,16,2638
559,0.0000,0.2279,0.8981,0.6907,cropped-bag-images-dev/HOC7DVWM82E_1.jpg,NULL,16,2640
560,0.0856,0.0918,0.9402,0.9165,cropped-bag-images-dev/ARM3C9LJDHN_1.jpg,NULL,16,2641
561,0.3179,0.0415,0.9728,0.8373,cropped-bag-images-dev/PPGWJTE1POT_1.jpg,NULL,16,2642
562,0.1717,0.2463,0.6850,0.7236,cropped-bag-images-dev/2VYIZFU03QF_1.jpg,NULL,16,2643
563,0.0349,0.0242,0.9568,0.8747,cropped-bag-images-dev/KLK05J4C8NO_1.jpg,NULL,16,2644
564,0.0183,0.0043,0.9833,0.9909,cropped-bag-images-dev/8I3P0NPBIGO_1.jpg,NULL,16,2645
565,0.0280,0.3990,0.8480,0.8691,cropped-bag-images-dev/AC1F9W5LA9A_1.jpg,NULL,16,2646
566,0.6742,0.6053,0.7879,0.9368,cropped-bag-images-dev/0PQNEYM1EEZ_1.jpg,NULL,16,2647
567,0.4669,0.3304,0.8013,0.5858,cropped-bag-images-dev/4JMB6S1ZYBP_1.jpg,NULL,16,2405
568,0.0000,0.5604,0.2040,0.9172,cropped-bag-images-dev/67G61609GJT_1.jpg,NULL,16,2408
569,0.4295,0.4354,0.9082,0.8728,cropped-bag-images-dev/CFEZ4B2VN2X_1.jpg,NULL,16,2409
570,0.6562,0.4460,0.9148,0.7074,cropped-bag-images-dev/FTHUOYRWMAT_1.jpg,NULL,16,2410
571,0.5513,0.4878,0.9786,0.8737,cropped-bag-images-dev/G0ZE8A0W2CI_1.jpg,NULL,16,2413
572,0.4320,0.4601,0.6460,0.8479,cropped-bag-images-dev/TSK39LN746I_1.jpg,NULL,16,2414
573,0.2180,0.0769,0.7875,0.9045,cropped-bag-images-dev/ALKVR3O8LTR_1.jpg,NULL,16,2415
574,0.6968,0.6061,1.0000,1.0000,cropped-bag-images-dev/Q0U5OB0B7GC_1.jpg,NULL,16,2416
575,0.3387,0.4229,0.6694,0.9805,cropped-bag-images-dev/7V0K6Q8KXMP_1.jpg,NULL,16,2417
576,0.4543,0.2458,0.9511,0.9022,cropped-bag-images-dev/CWFXN1CWX2M_1.jpg,NULL,16,2418
577,0.1307,0.2055,0.7353,0.7817,cropped-bag-images-dev/ZCWS9AOU37I_1.jpg,NULL,16,2419
578,0.5401,0.5493,0.7025,0.9622,cropped-bag-images-dev/OW88HQWENCI_1.jpg,NULL,16,2421
579,0.1000,0.0000,0.8344,1.0000,cropped-bag-images-dev/6K2FCKT7TAS_1.jpg,NULL,16,2422
580,0.3293,0.0000,0.9920,0.9071,cropped-bag-images-dev/BJCIEZ2FPRU_1.jpg,NULL,16,2423
581,0.0225,0.1939,0.5600,0.9864,cropped-bag-images-dev/44IVZQ1JHPD_1.jpg,NULL,16,2424
582,0.1725,0.0095,0.8825,0.9944,cropped-bag-images-dev/3Z400Q0F8OV_1.jpg,NULL,16,2425
583,0.0421,0.0000,0.9674,0.9189,cropped-bag-images-dev/N2OPYCZPZKH_1.jpg,NULL,16,2426
584,0.1690,0.2436,0.5447,0.8776,cropped-bag-images-dev/IND9KDCTJ0C_1.jpg,NULL,16,2427
585,0.0046,0.3767,0.4148,0.7709,cropped-bag-images-dev/B6PTP1D6VNF_1.jpg,NULL,16,2428
586,0.2025,0.3826,0.7806,0.8886,cropped-bag-images-dev/4XVEHFMBL5H_1.jpg,NULL,16,2429
587,0.2129,0.1643,0.3848,0.6002,cropped-bag-images-dev/KDCDVSG791E_1.jpg,NULL,16,2430
588,0.2870,0.3097,0.9645,0.9118,cropped-bag-images-dev/HFO8J780O4T_1.jpg,NULL,16,2431
589,0.3778,0.4611,0.6356,0.8768,cropped-bag-images-dev/9WXVHY8CFGK_1.jpg,NULL,16,2433
590,0.4937,0.3178,0.8665,0.6435,cropped-bag-images-dev/QY0RZGDF3CZ_1.jpg,NULL,16,2436
591,0.3838,0.6657,0.5188,0.9635,cropped-bag-images-dev/6OHEAFN3C4T_1.jpg,NULL,16,2437
592,0.0482,0.5140,0.4922,0.9110,cropped-bag-images-dev/KSPLU1YYHSV_1.jpg,NULL,16,2438
593,0.0870,0.1543,0.2758,0.4557,cropped-bag-images-dev/19X5YIVQJVX_1.jpg,NULL,16,2441
594,0.1508,0.0116,0.8651,0.9376,cropped-bag-images-dev/MW8EPKNYIYO_1.jpg,NULL,16,2443
595,0.0340,0.3543,0.3557,0.9493,cropped-bag-images-dev/JI46I90BCVT_1.jpg,NULL,16,2446
596,0.4782,0.0187,0.9327,0.6541,cropped-bag-images-dev/1H8LKMESZRB_1.jpg,NULL,16,2447
597,0.3174,0.0759,0.7273,0.8571,cropped-bag-images-dev/7C6H6SVBYXU_1.jpg,NULL,16,2448
598,0.0000,0.0000,1.0000,1.0000,cropped-bag-images-dev/EV45F3E4K1F_1.jpg,NULL,16,2449
599,0.1210,0.0142,0.8790,0.8320,cropped-bag-images-dev/U20KXB4OAVH_1.jpg,NULL,16,2451
600,0.0200,0.0188,0.9800,0.9988,cropped-bag-images-dev/7AH3GGRXGKR_1.jpg,NULL,16,2452
601,0.1186,0.4356,0.6737,0.8971,cropped-bag-images-dev/NQFAUHUIJXC_1.jpg,NULL,16,2453
602,0.0112,0.2207,0.9850,0.8970,cropped-bag-images-dev/BHC3LDO7AZH_1.jpg,NULL,16,2454
603,0.0067,0.1226,1.0000,0.8659,cropped-bag-images-dev/VV1ZBADWIBE_1.jpg,NULL,16,2455
604,0.0133,0.3159,0.9987,0.9056,cropped-bag-images-dev/RA5XEQUJLBE_1.jpg,NULL,16,2456
605,0.0574,0.2123,0.9392,0.9564,cropped-bag-images-dev/CLVO71V23SS_1.jpg,NULL,16,2457
606,0.0174,0.1910,0.9583,0.9522,cropped-bag-images-dev/LNL007VJ50F_1.jpg,NULL,16,2458
607,0.0118,0.1317,0.9676,0.9021,cropped-bag-images-dev/LQQ47DSNAED_1.jpg,NULL,16,2459
608,0.0080,0.0796,0.9772,0.9175,cropped-bag-images-dev/Y36JPAPWYZM_1.jpg,NULL,16,2460
609,0.0088,0.0325,0.9425,0.9579,cropped-bag-images-dev/8H1HLQNBO0W_1.jpg,NULL,16,2461
610,0.0000,0.0000,1.0000,1.0000,cropped-bag-images-dev/S9350JVJ39G_1.jpg,NULL,16,2462
611,0.1011,0.1218,0.9275,0.9356,cropped-bag-images-dev/VKOWWNNOYDD_1.jpg,NULL,16,2464
612,0.0049,0.2564,1.0000,0.8238,cropped-bag-images-dev/AZO7FVYVRNW_1.jpg,NULL,16,2466
613,0.0000,0.0000,1.0000,1.0000,cropped-bag-images-dev/7WO3AC0U5MT_1.jpg,NULL,16,2467
614,0.0992,0.1397,0.9320,0.8786,cropped-bag-images-dev/CG94IPKRMKT_1.jpg,NULL,16,2468
615,0.0150,0.1420,0.9862,0.9020,cropped-bag-images-dev/UBZYPEN4GAG_1.jpg,NULL,16,2469
616,0.0000,0.0000,1.0000,1.0000,cropped-bag-images-dev/8BFIXLRXWYP_1.jpg,NULL,16,2470
617,0.0750,0.4791,0.9425,0.9611,cropped-bag-images-dev/HYH7TB38E3F_1.jpg,NULL,16,2471
618,0.0175,0.1620,0.9925,0.8432,cropped-bag-images-dev/BQDGSEEEMVR_1.jpg,NULL,16,2472
619,0.0545,0.0000,0.9512,0.9857,cropped-bag-images-dev/DEIZ6SX4KHB_1.jpg,NULL,16,2473
620,0.6833,0.7576,0.9850,0.9693,cropped-bag-images-dev/IDZFXLSR71E_1.jpg,NULL,16,2474
621,0.1800,0.2620,0.8538,0.8207,cropped-bag-images-dev/IWQ9YAABXRN_1.jpg,NULL,16,2476
622,0.5609,0.5554,0.9987,0.9911,cropped-bag-images-dev/730A9BACQ0B_1.jpg,NULL,16,2477
623,0.0156,0.1901,0.9844,0.9301,cropped-bag-images-dev/ZA0NTTTZN7R_1.jpg,NULL,16,2478
624,0.0066,0.1416,0.9967,0.7248,cropped-bag-images-dev/MO3E3VNC9UZ_1.jpg,NULL,16,2479
625,0.0162,0.1982,0.9800,0.7920,cropped-bag-images-dev/GWI9AU6AMCQ_1.jpg,NULL,16,2480
626,0.0117,0.1326,0.9867,0.8309,cropped-bag-images-dev/UDZZZOQX35K_1.jpg,NULL,16,2481
627,0.0291,0.1008,0.9806,0.9516,cropped-bag-images-dev/GD9LURQ30KL_1.jpg,NULL,16,2482
628,0.0000,0.0000,1.0000,1.0000,cropped-bag-images-dev/G8X76UQVTOG_1.jpg,NULL,16,2483
629,0.0213,0.2341,0.9882,0.9114,cropped-bag-images-dev/NXKPULY69EG_1.jpg,NULL,16,2484
630,0.0000,0.0000,1.0000,1.0000,cropped-bag-images-dev/HGKHD6UTWLH_1.jpg,NULL,16,2486
631,0.0617,0.2268,0.9550,0.9039,cropped-bag-images-dev/BT4DAKZ3FXT_1.jpg,NULL,16,2487
632,0.0000,0.0000,1.0000,1.0000,cropped-bag-images-dev/TYNYTYJ6RXC_1.jpg,NULL,16,2488
633,0.1200,0.0959,0.9367,0.8793,cropped-bag-images-dev/07CJXJ24O6L_1.jpg,NULL,17,2489
634,0.0000,0.0000,1.0000,1.0000,cropped-bag-images-dev/OLK03O73BLD_1.jpg,NULL,17,2490
635,0.0141,0.1724,0.9859,0.9003,cropped-bag-images-dev/X6JNPZNXF4L_1.jpg,NULL,17,2491
636,0.0141,0.3760,1.0000,0.9706,cropped-bag-images-dev/2YCGWNMP6IP_1.jpg,NULL,17,2492
637,0.1500,0.1576,0.8706,0.9502,cropped-bag-images-dev/X0ZJ1UBC66Y_1.jpg,NULL,17,2493
638,0.0135,0.5763,0.6061,0.9070,cropped-bag-images-dev/AWEOIYD2N8G_1.jpg,NULL,17,2495
639,0.3789,0.4028,0.9189,0.7917,cropped-bag-images-dev/MHYVROGZJFT_1.jpg,NULL,17,2497
640,0.1766,0.1421,0.8344,0.9305,cropped-bag-images-dev/ERGQTW49Z5H_1.jpg,NULL,17,2498
641,0.0029,0.2206,0.8353,0.9724,cropped-bag-images-dev/NW23E4HXGVV_1.jpg,NULL,17,2499
642,0.0044,0.2506,0.9933,0.8006,cropped-bag-images-dev/FKTDGW1ITTT_1.jpg,NULL,17,2500
643,0.2262,0.4157,0.9075,0.9032,cropped-bag-images-dev/62Q6G9WS0OM_1.jpg,NULL,17,2502
644,0.0421,0.1503,0.9632,0.8766,cropped-bag-images-dev/641UNVMPJ7G_1.jpg,NULL,17,2503
645,0.0738,0.2732,0.9312,0.8157,cropped-bag-images-dev/594ZU10Q5YN_1.jpg,NULL,17,2505
646,0.0117,0.0243,0.9917,0.8743,cropped-bag-images-dev/JNSESCLIU1I_1.jpg,NULL,17,2509
647,0.0353,0.2502,0.9765,0.9021,cropped-bag-images-dev/0V8VMTIZ6YF_1.jpg,NULL,17,2510
648,0.0400,0.2345,0.9187,0.8351,cropped-bag-images-dev/JZUKONVT8ZK_1.jpg,NULL,17,2511
649,0.0188,0.2049,0.9938,0.7955,cropped-bag-images-dev/DJMC0VG75DQ_1.jpg,NULL,17,2512
650,0.0000,0.0000,1.0000,1.0000,cropped-bag-images-dev/KL0K7LP1PNK_1.jpg,NULL,17,2513
651,0.0125,0.0226,0.9917,0.9897,cropped-bag-images-dev/2KJWN2VNU2C_1.jpg,NULL,17,2514
652,0.1588,0.1095,0.8971,0.9206,cropped-bag-images-dev/J4JF579FATL_1.jpg,NULL,17,2515
653,0.0642,0.1077,0.9358,0.9317,cropped-bag-images-dev/9XRYLVHP8JF_1.jpg,NULL,17,2516
654,0.0104,0.0303,1.0000,0.9762,cropped-bag-images-dev/OUIVWG1CJHF_1.jpg,NULL,17,2519
655,0.0278,0.1964,0.9620,0.9356,cropped-bag-images-dev/2WQJN5UVQFP_1.jpg,NULL,17,2520
656,0.0525,0.0976,0.9338,0.8776,cropped-bag-images-dev/PPCUF4SPCSY_1.jpg,NULL,17,2522
657,0.0308,0.2339,0.9759,0.9850,cropped-bag-images-dev/93YK7UUFDSN_1.jpg,NULL,17,2523
658,0.0078,0.2806,0.9971,0.8053,cropped-bag-images-dev/JZJG8NA7Y7M_1.jpg,NULL,17,2525
659,0.0150,0.1793,0.9467,0.8243,cropped-bag-images-dev/95TL42H9LBA_1.jpg,NULL,17,2528
660,0.0067,0.1943,1.0000,0.8159,cropped-bag-images-dev/X3GV3DFCR5F_1.jpg,NULL,17,2529
661,0.0083,0.0976,1.0000,0.8359,cropped-bag-images-dev/KD4HWGHIXQR_1.jpg,NULL,17,2531
662,0.1250,0.4931,0.9150,0.9631,cropped-bag-images-dev/STT2R0671TZ_1.jpg,NULL,17,2534
663,0.0000,0.0000,1.0000,1.0000,cropped-bag-images-dev/8VJLKB4WF3D_1.jpg,NULL,17,2535
664,0.0083,0.1943,0.9883,0.8259,cropped-bag-images-dev/DCNEPCOHZ7J_1.jpg,NULL,17,2536
665,0.0000,0.0000,1.0000,1.0000,cropped-bag-images-dev/I43857AMMUA_1.jpg,NULL,17,2537
666,0.0280,0.3391,0.9860,0.8991,cropped-bag-images-dev/VZWW9DFK64G_1.jpg,NULL,17,2538
667,0.0133,0.1309,0.9950,0.8609,cropped-bag-images-dev/9FD90XCWINY_1.jpg,NULL,17,2540
668,0.2130,0.1902,0.8100,0.8902,cropped-bag-images-dev/9O15636JYAI_1.jpg,NULL,17,2542
669,0.0100,0.1729,0.9420,0.8691,cropped-bag-images-dev/F1UUUQ1B5XL_1.jpg,NULL,17,2543
670,0.0000,0.0000,1.0000,1.0000,cropped-bag-images-dev/FXU8PSD2LVF_1.jpg,NULL,17,2544
671,0.2214,0.2345,0.7743,0.8328,cropped-bag-images-dev/8TGWWHTMMWL_1.jpg,NULL,17,2546
672,0.0521,0.0361,0.9878,0.9205,cropped-bag-images-dev/ZU9QZIFQPJM_1.jpg,NULL,17,2547
673,0.1430,0.0784,0.8030,0.7915,cropped-bag-images-dev/J8DG38Y8N8J_1.jpg,NULL,17,2548
674,0.0212,0.2657,0.9612,0.6870,cropped-bag-images-dev/NR7BIJW4FOQ_1.jpg,NULL,17,2549
675,0.0089,0.0615,1.0000,0.9336,cropped-bag-images-dev/22PL04NQLEB_1.jpg,NULL,17,2550
676,0.0112,0.1328,0.9944,0.7616,cropped-bag-images-dev/4G1BBZ9YO4K_1.jpg,NULL,17,2551
677,0.6733,0.6161,0.9756,0.9033,cropped-bag-images-dev/HUVD9OWT8TD_1.jpg,NULL,17,2552
678,0.1883,0.2583,0.7417,0.9663,cropped-bag-images-dev/DWXGXQ971ZF_1.jpg,NULL,17,2553
679,0.0107,0.2741,1.0000,0.9754,cropped-bag-images-dev/Z2L82YT6WAB_1.jpg,NULL,17,2554
680,0.5252,0.4287,0.9544,0.5752,cropped-bag-images-dev/Q1PG7HDQRDF_1.jpg,NULL,17,2556
681,0.0246,0.1322,0.9351,0.9569,cropped-bag-images-dev/XFRXJPMXMAP_1.jpg,NULL,17,2557
682,0.0050,0.1616,0.9880,0.8316,cropped-bag-images-dev/KDOV86DEPGX_1.jpg,NULL,17,2558
683,0.0117,0.0109,0.9950,0.8776,cropped-bag-images-dev/J7Z4SELGN6X_1.jpg,NULL,17,2560
684,0.0054,0.0058,0.9960,1.0000,cropped-bag-images-dev/WWFV54TVPLD_1.jpg,NULL,17,2561
685,0.4154,0.4876,0.8481,0.7052,cropped-bag-images-dev/VIXA490GU2O_1.jpg,NULL,17,2562
686,0.0017,0.1009,0.9967,0.9259,cropped-bag-images-dev/WDM4BV43JEM_1.jpg,NULL,17,2563
687,0.0000,0.0000,1.0000,1.0000,cropped-bag-images-dev/ZY8A3P6ZONJ_1.jpg,NULL,17,2564
688,0.0625,0.1044,0.9800,0.8857,cropped-bag-images-dev/VSAMTPNG9LE_1.jpg,NULL,17,2565
689,0.0283,0.2576,0.9617,0.7726,cropped-bag-images-dev/S82LULWD44T_1.jpg,NULL,17,2566
690,0.0362,0.2594,0.9538,0.8107,cropped-bag-images-dev/5KT2VLXQJFL_1.jpg,NULL,17,2568
691,0.0167,0.1964,1.0000,0.8114,cropped-bag-images-dev/2D5JLXP3ZMI_1.jpg,NULL,17,2572
692,0.3118,0.7040,0.7136,0.8234,cropped-bag-images-dev/XFAR0M2Y8FB_1.jpg,NULL,17,2575
693,0.3328,0.3722,0.6734,0.7900,cropped-bag-images-dev/8GXM1WQQT8H_1.jpg,NULL,17,2576
694,0.0462,0.0868,0.9750,0.9412,cropped-bag-images-dev/6RZ28OHTIQQ_1.jpg,NULL,17,2578
695,0.0000,0.0000,1.0000,1.0000,cropped-bag-images-dev/WUTF60DGREA_1.jpg,NULL,17,2583
696,0.0075,0.0000,0.9658,0.9058,cropped-bag-images-dev/1OSKRX3W86F_1.jpg,NULL,17,2584
697,0.1771,0.4073,0.9229,0.7730,cropped-bag-images-dev/HFZJQTDFJYA_2.jpg,NULL,17,2585
698,0.0316,0.1698,0.9474,0.8321,cropped-bag-images-dev/LPVYT7CM3MY_1.jpg,NULL,17,2586
699,0.0055,0.1600,1.0000,0.9410,cropped-bag-images-dev/QRKDKS4UI1F_1.jpg,NULL,17,2587
700,0.1141,0.0415,0.5750,0.7243,cropped-bag-images-dev/TNSW56JO9RY_1.jpg,NULL,17,2588
701,0.0827,0.1341,0.9133,0.8541,cropped-bag-images-dev/SWVC3761OBG_1.jpg,NULL,17,2592
702,0.0172,0.6188,0.5673,0.9662,cropped-bag-images-dev/W46ZNHWE8ZN_2.jpg,NULL,17,2593
703,0.0118,0.0169,0.8029,0.8984,cropped-bag-images-dev/OGEJZZEW7VR_1.jpg,NULL,17,2595
704,0.0734,0.2357,0.9253,0.6769,cropped-bag-images-dev/3G0ADMYS09E_1.jpg,NULL,17,2596
705,0.0080,0.4574,0.9900,0.9186,cropped-bag-images-dev/4YM39S093CZ_1.jpg,NULL,17,2597
706,0.0176,0.2428,0.9706,0.9058,cropped-bag-images-dev/EUQEAKCWSIS_1.jpg,NULL,17,2599
707,0.0510,0.1511,0.3631,0.6027,cropped-bag-images-dev/GZFEGUVM1XO_1.jpg,NULL,17,2605
708,0.0083,0.0543,1.0000,0.9026,cropped-bag-images-dev/CQYP8MPTXKZ_1.jpg,NULL,17,2609
709,0.0040,0.2106,0.9940,0.7206,cropped-bag-images-dev/JVBWB1R0VKD_1.jpg,NULL,17,2610
710,0.0290,0.0146,0.9690,0.9339,cropped-bag-images-dev/YB9OCJAPRXG_1.jpg,NULL,17,2611
711,0.0204,0.0986,0.9946,0.8907,cropped-bag-images-dev/8IWTCVN8NJN_1.jpg,NULL,17,2612
712,0.0032,0.1263,0.9871,0.9097,cropped-bag-images-dev/9RBRRBUTLNH_1.jpg,NULL,17,2616
713,0.0083,0.1626,0.9867,0.8626,cropped-bag-images-dev/8JBKSQNWXQR_1.jpg,NULL,17,2617
714,0.0300,0.4756,0.3407,0.8368,cropped-bag-images-dev/XKCE4WL6U5T_1.jpg,NULL,17,2619
715,0.0800,0.4787,0.9158,0.8947,cropped-bag-images-dev/AOZVIR44DUD_1.jpg,NULL,17,2622
716,0.1093,0.0594,0.9954,0.8874,cropped-bag-images-dev/KKDOQHW3NYB_1.jpg,NULL,17,2623
717,0.0164,0.0810,0.9746,0.9719,cropped-bag-images-dev/D7BFIHY0PGT_1.jpg,NULL,17,2624
718,0.3720,0.1129,0.8613,0.9495,cropped-bag-images-dev/P4X9OW6K54K_1.jpg,NULL,17,2625
719,0.1304,0.0000,0.9044,0.8886,cropped-bag-images-dev/F0B75OTR0EF_1.jpg,NULL,17,2626
720,0.0000,0.2774,0.9479,0.9712,cropped-bag-images-dev/8ETEOJKOYWO_1.jpg,NULL,17,2627
721,0.1005,0.0153,0.9769,0.9134,cropped-bag-images-dev/SA4C7HSZD0I_1.jpg,NULL,17,2628
722,0.0145,0.0088,0.7727,0.5381,cropped-bag-images-dev/FY6X0E84CIZ_1.jpg,NULL,17,2629
723,0.6537,0.4366,0.9480,0.8180,cropped-bag-images-dev/KRALLS72W4M_1.jpg,NULL,17,2630
724,0.0108,0.1698,0.9677,0.8180,cropped-bag-images-dev/HXWU8LD2JZK_1.jpg,NULL,17,2631
725,0.2425,0.2232,0.7650,0.9294,cropped-bag-images-dev/VZNG6ZMTDHS_1.jpg,NULL,17,2632
726,0.0212,0.2149,0.7034,0.8701,cropped-bag-images-dev/4PB3Y64OJBB_1.jpg,NULL,17,2633
727,0.4890,0.5208,0.6792,0.7898,cropped-bag-images-dev/FSUABPG31VY_2.jpg,NULL,17,2886
728,0.0000,0.0000,1.0000,1.0000,cropped-bag-images-dev/OYA755DP5YM_1.jpg,NULL,17,2890
729,0.0290,0.0000,0.9080,0.9911,cropped-bag-images-dev/OTC30R6BD4C_1.jpg,NULL,17,2891
730,0.2912,0.7320,0.7612,0.9432,cropped-bag-images-dev/R7EKZFQDY8F_1.jpg,NULL,17,2892
731,0.0580,0.3322,0.2056,0.6544,cropped-bag-images-dev/8D4S6XQCW8B_1.jpg,NULL,17,2894
733,0.0275,0.1556,0.9121,0.9574,cropped-bag-images-dev/G21T5GK3HAX_1.jpg,NULL,17,2897
734,0.0833,0.5157,0.9850,1.0000,cropped-bag-images-dev/F7TKQ7CZCPR_1.jpg,NULL,18,2899
735,0.0000,0.0000,1.0000,1.0000,cropped-bag-images-dev/4F7M1RXJ6KQ_1.jpg,NULL,18,2901
736,0.1807,0.0168,0.8719,0.9589,cropped-bag-images-dev/A3C2EYBAUAE_1.jpg,NULL,18,2905
737,0.0095,0.0739,0.9946,0.9407,cropped-bag-images-dev/X4YJXE0EDOC_1.jpg,NULL,18,2906
738,0.0189,0.1515,0.9944,0.8063,cropped-bag-images-dev/SCW3OKSRBLO_1.jpg,NULL,18,2907
739,0.2007,0.3850,0.7822,0.8248,cropped-bag-images-dev/1N0TWOLI83M_1.jpg,NULL,18,2908
740,0.0000,0.0000,1.0000,1.0000,cropped-bag-images-dev/MQUQYFO9GFV_1.jpg,NULL,18,2910
741,0.0212,0.3532,0.3738,0.7882,cropped-bag-images-dev/O4A0YXGTK2Q_1.jpg,NULL,18,2911
742,0.5262,0.5257,0.9625,0.7832,cropped-bag-images-dev/YU74LIT9OUC_1.jpg,NULL,18,2914
743,0.2848,0.3759,0.8644,0.9616,cropped-bag-images-dev/0YUVSM7WZBG_1.jpg,NULL,18,2915
744,0.0611,0.0246,0.9871,0.9786,cropped-bag-images-dev/IR6TCV9674Y_1.jpg,NULL,18,2917
745,0.1380,0.0490,0.4025,0.4443,cropped-bag-images-dev/YAFQAUNU1EQ_1.jpg,NULL,18,2919
746,0.1266,0.1903,0.8188,0.8497,cropped-bag-images-dev/BGLWKR9XP5I_1.jpg,NULL,18,2921
748,0.0000,0.0000,1.0000,1.0000,cropped-bag-images-dev/34WOR39SJ7T_1.jpg,NULL,18,2925
749,0.0083,0.3326,0.9700,1.0000,cropped-bag-images-dev/S0GFSF5S0CB_1.jpg,NULL,18,2926
750,0.7688,0.2183,0.9888,0.3118,cropped-bag-images-dev/NNZABU5ZL9Q_1.jpg,NULL,18,2928
751,0.0404,0.0426,0.9899,0.8693,cropped-bag-images-dev/9HOT8M5KKFJ_1.jpg,NULL,18,2930
752,0.2406,0.0901,0.6969,0.8813,cropped-bag-images-dev/WYEGXL120ZC_1.jpg,NULL,18,2931
753,0.0127,0.5574,0.4165,0.9506,cropped-bag-images-dev/6WXQS5ZAB9M_1.jpg,NULL,18,2933
754,0.0000,0.0000,1.0000,1.0000,cropped-bag-images-dev/GH6XC14WRCH_1.jpg,NULL,18,2935
755,0.0000,0.0000,1.0000,1.0000,cropped-bag-images-dev/AZX98JA7W9E_1.jpg,NULL,18,2939
756,0.3571,0.7387,0.6861,1.0000,cropped-bag-images-dev/NK1HHAPTHZX_1.jpg,NULL,18,2940
757,0.0000,0.0000,1.0000,1.0000,cropped-bag-images-dev/1PNDGPJVB3G_1.jpg,NULL,18,2941
758,0.1890,0.1283,0.7010,0.9634,cropped-bag-images-dev/OCQXNHPKBJP_1.jpg,NULL,18,2945
759,0.3977,0.6584,0.7076,0.9656,cropped-bag-images-dev/SSIZPOSFW2O_1.jpg,NULL,18,2946
760,0.0000,0.0000,0.5862,0.7665,cropped-bag-images-dev/QOMEJTHR3PO_1.jpg,NULL,18,2948
761,0.0695,0.0896,0.9263,0.9359,cropped-bag-images-dev/1YICTVJ5IVV_1.jpg,NULL,18,2952
762,0.0258,0.4515,1.0000,1.0000,cropped-bag-images-dev/DZ4KGQPPZ9W_1.jpg,NULL,18,2953
763,0.2300,0.1452,0.8133,0.9185,cropped-bag-images-dev/XM612RAQUGO_1.jpg,NULL,18,2956
764,0.0264,0.1275,0.9494,0.9311,cropped-bag-images-dev/NBCP4BRKMWN_1.jpg,NULL,18,2958
766,0.1578,0.0606,0.8254,0.9460,cropped-bag-images-dev/C5Z7B7DLFWF_1.jpg,NULL,18,2963
767,0.0700,0.0093,0.9417,0.9959,cropped-bag-images-dev/51YGA7M30DC_1.jpg,NULL,18,2964
768,0.0000,0.0000,1.0000,1.0000,cropped-bag-images-dev/PZWFB9TYMNG_1.jpg,NULL,18,2965
769,0.0000,0.0000,1.0000,1.0000,cropped-bag-images-dev/4SZAK2KOSJY_1.jpg,NULL,18,2967
770,0.5252,0.0051,0.8236,0.2168,cropped-bag-images-dev/1O3FMHLIRIE_1.jpg,NULL,18,2968
771,0.0667,0.1763,0.9908,0.9663,cropped-bag-images-dev/ZV85XPQEUHQ_1.jpg,NULL,18,2971
772,0.2278,0.0172,0.8430,0.9908,cropped-bag-images-dev/PS9X5Q6UJDW_1.jpg,NULL,18,2973
773,0.0234,0.0174,0.9814,0.9676,cropped-bag-images-dev/YFO333RFRTD_1.jpg,NULL,18,2974
774,0.0000,0.4329,0.9422,0.9996,cropped-bag-images-dev/H8T9UZ4TWLA_1.jpg,NULL,18,2975
775,0.0000,0.0000,1.0000,1.0000,cropped-bag-images-dev/L37CA362KAY_1.jpg,NULL,18,2976
776,0.1140,0.2196,0.8900,0.9246,cropped-bag-images-dev/C8BFXP3D70G_1.jpg,NULL,18,2978
777,0.1100,0.0046,0.8633,0.9338,cropped-bag-images-dev/8LWOAFXKLJM_1.jpg,NULL,18,2980
778,0.1160,0.0916,0.9260,0.9636,cropped-bag-images-dev/97XKBBTJMWV_1.jpg,NULL,18,2981
779,0.0000,0.0000,1.0000,1.0000,cropped-bag-images-dev/EXQPFCWESZD_1.jpg,NULL,18,2982
780,0.0000,0.0000,1.0000,1.0000,cropped-bag-images-dev/YKZP4JEO09B_1.jpg,NULL,18,2983
781,0.0000,0.0000,1.0000,1.0000,cropped-bag-images-dev/F8RUR449CFR_1.jpg,NULL,18,2986
782,0.0462,0.1444,0.9362,0.8707,cropped-bag-images-dev/L57GBDMW5MI_1.jpg,NULL,18,2987
783,0.0675,0.1085,0.9567,0.9006,cropped-bag-images-dev/157DJEDUA3R_1.jpg,NULL,18,2988
784,0.0330,0.1554,0.9650,0.9516,cropped-bag-images-dev/MO3FBINRL3Y_1.jpg,NULL,18,2989
785,0.0000,0.1874,0.9970,0.9194,cropped-bag-images-dev/NAX6T4UDXGE_1.jpg,NULL,18,2992
786,0.1488,0.0205,0.7838,0.9882,cropped-bag-images-dev/K4JHW32VQ2C_1.jpg,NULL,15,2996
787,0.1100,0.0176,0.9133,0.8409,cropped-bag-images-dev/YX8ZC78GN9W_1.jpg,NULL,15,2998
788,0.1683,0.0521,0.8475,0.9538,cropped-bag-images-dev/79ZGU6BJ6FW_1.jpg,NULL,15,2999
789,0.0125,0.1144,0.9612,0.9394,cropped-bag-images-dev/HTUJIOJ979X_1.jpg,NULL,15,3000
790,0.0308,0.0983,0.9385,0.9214,cropped-bag-images-dev/G485X7QBTLJ_1.jpg,NULL,15,3002
791,0.0000,0.0000,1.0000,1.0000,cropped-bag-images-dev/RPYU54GXUPP_1.jpg,NULL,15,3004
792,0.0000,0.0000,1.0000,1.0000,cropped-bag-images-dev/IBK4Z8CNCPR_1.jpg,NULL,15,3005
793,0.2140,0.2006,0.7820,0.8246,cropped-bag-images-dev/HTJSIJBI4IT_1.jpg,NULL,15,3008
794,0.0634,0.0262,0.9534,0.9747,cropped-bag-images-dev/IVBLSVNXZTL_1.jpg,NULL,15,3009
795,0.0340,0.2166,0.9780,0.9316,cropped-bag-images-dev/9Q7H5JIIN2R_1.jpg,NULL,15,3011
796,0.0000,0.0000,1.0000,1.0000,cropped-bag-images-dev/T4D27IO0Z2C_1.jpg,NULL,15,3012
797,0.0080,0.0426,0.9450,0.8746,cropped-bag-images-dev/RWCXYJX03JP_1.jpg,NULL,15,3015
798,0.1138,0.1793,0.9172,0.9985,cropped-bag-images-dev/7IQ03HVWAQR_1.jpg,NULL,15,3017
799,0.1138,0.1793,0.9172,0.9985,cropped-bag-images-dev/KHL5BWI24MM_1.jpg,NULL,15,3017
800,0.0960,0.2156,0.9120,0.9546,cropped-bag-images-dev/SWN035BVP3K_1.jpg,NULL,15,3018
801,0.0609,0.0185,0.9241,0.9326,cropped-bag-images-dev/9OZZ3NI35IB_1.jpg,NULL,15,3020
802,0.0000,0.0000,1.0000,1.0000,cropped-bag-images-dev/LGRBE5RPTWJ_1.jpg,NULL,15,3022
803,0.5550,0.1059,0.9175,0.4933,cropped-bag-images-dev/RZIVEEFZARZ_1.jpg,NULL,15,3024
804,0.0000,0.0000,1.0000,1.0000,cropped-bag-images-dev/MYFF7TYY1ZG_1.jpg,NULL,15,3026
805,0.1454,0.0039,0.8446,0.9887,cropped-bag-images-dev/97P7NWUF0WS_1.jpg,NULL,15,3027
806,0.0000,0.0000,1.0000,1.0000,cropped-bag-images-dev/ZGIXWJOPT8H_1.jpg,NULL,15,3031
807,0.0508,0.2063,0.9525,0.9646,cropped-bag-images-dev/JZYYBX33BMQ_1.jpg,NULL,15,3032
809,0.0297,0.1428,0.5578,0.8512,cropped-bag-images-dev/FEX0ZBT9A7O_1.jpg,NULL,15,3038
810,0.0582,0.0420,0.8499,0.9644,cropped-bag-images-dev/PVSREDMI5ZZ_1.jpg,NULL,15,3041
811,0.0582,0.0420,0.8499,0.9644,cropped-bag-images-dev/Z64J6TR3LEL_1.jpg,NULL,15,3041
812,0.0128,0.0370,0.9858,0.9912,cropped-bag-images-dev/QDFW7HAPVIU_1.jpg,NULL,15,3043
813,0.4846,0.1177,0.9638,0.9129,cropped-bag-images-dev/TMGPHP008AH_1.jpg,NULL,15,3044
814,0.0281,0.0272,0.8547,0.9688,cropped-bag-images-dev/O6SDO8QFGUN_1.jpg,NULL,15,3046
815,0.3695,0.0000,0.8578,0.9286,cropped-bag-images-dev/QKZ4MON0V4Z_1.jpg,NULL,15,3048
816,0.0000,0.0000,1.0000,1.0000,cropped-bag-images-dev/3FAKJ5PEWEC_1.jpg,NULL,15,3049
817,0.1562,0.4802,0.4500,0.8762,cropped-bag-images-dev/5Q3IDY9S6SO_1.jpg,NULL,15,3050
818,0.0545,0.1143,0.8745,0.9235,cropped-bag-images-dev/QMHQD7N8ECS_1.jpg,NULL,15,3052
819,0.1985,0.2027,0.7524,0.9558,cropped-bag-images-dev/0R5PA8LCJYD_1.jpg,NULL,15,3053
820,0.0079,0.0707,0.9851,0.9579,cropped-bag-images-dev/DU8R5B2XIWU_1.jpg,NULL,15,3054
821,0.0920,0.0989,0.8579,0.9589,cropped-bag-images-dev/H54FOECU2CB_1.jpg,NULL,15,3055
822,0.0344,0.5320,0.4937,0.9466,cropped-bag-images-dev/D9QWJFLY15N_1.jpg,NULL,15,3056
823,0.0793,0.1355,0.7240,0.8818,cropped-bag-images-dev/09G6D410A4N_1.jpg,NULL,15,3062
824,0.0000,0.0000,1.0000,1.0000,cropped-bag-images-dev/J9MGP4U8DOB_1.jpg,NULL,15,3065
825,0.2218,0.5272,0.6154,0.7847,cropped-bag-images-dev/PJR1SGAHHNX_1.jpg,NULL,15,3066
826,0.0335,0.5420,0.5485,1.0000,cropped-bag-images-dev/DSDLSP766PH_1.jpg,NULL,15,3067
827,0.0800,0.2863,0.9267,0.8331,cropped-bag-images-dev/A2JJUBPHJ7L_1.jpg,NULL,15,3069
828,0.0433,0.5212,0.6633,0.9457,cropped-bag-images-dev/1752I1KELRG_1.jpg,NULL,15,3070
829,0.1994,0.3074,0.9837,0.5755,cropped-bag-images-dev/0Z95FE9BFQA_1.jpg,NULL,15,3071
830,0.1591,0.5720,0.4259,0.8858,cropped-bag-images-dev/WM9R8SF2BVW_1.jpg,NULL,15,3073
831,0.2400,0.0931,0.9153,1.0000,cropped-bag-images-dev/XRAF8T3E24J_1.jpg,NULL,15,3074
832,0.3720,0.5002,0.6300,0.9162,cropped-bag-images-dev/8PZ1DJM5TIJ_1.jpg,NULL,15,3077
833,0.4690,0.5382,0.9287,0.8232,cropped-bag-images-dev/HXBJSK6EVRX_1.jpg,NULL,15,3079
834,0.2398,0.2958,0.4464,0.6159,cropped-bag-images-dev/NQGG9S0R7LM_1.jpg,NULL,15,3080
835,0.2000,0.4825,0.7820,0.8529,cropped-bag-images-dev/XZUPV15DIJM_1.jpg,NULL,15,3081
836,0.0609,0.0603,0.9281,0.9493,cropped-bag-images-dev/2NQBWWDII7M_1.jpg,NULL,15,3082
837,0.1772,0.0000,0.8632,0.9079,cropped-bag-images-dev/5WJTA6GEPGY_1.jpg,NULL,15,3084
838,0.0000,0.0000,1.0000,1.0000,cropped-bag-images-dev/XSTJJWEWPQY_1.jpg,NULL,15,3087
839,0.0682,0.3166,0.8295,0.9435,cropped-bag-images-dev/83AA0P60VEI_1.jpg,NULL,15,3088
841,0.0891,0.1423,0.9159,0.8052,cropped-bag-images-dev/2QUUE35ZLWE_1.jpg,NULL,15,3091
842,0.2800,0.3987,0.4644,0.6862,cropped-bag-images-dev/AR7Z9MIJ0LD_2.jpg,NULL,15,3092
844,0.0459,0.2076,0.9327,0.9204,cropped-bag-images-dev/1IPGNAE80OB_1.jpg,NULL,15,3095
845,0.0822,0.0205,0.9000,0.9518,cropped-bag-images-dev/KFPKLM7N98A_1.jpg,NULL,15,3096
847,0.4406,0.2183,0.8172,0.8670,cropped-bag-images-dev/SED2OJ1MFWB_1.jpg,NULL,15,3098
848,0.0957,0.0203,0.8889,0.9986,cropped-bag-images-dev/KNWDIF7CQPL_1.jpg,NULL,15,3100
849,0.0000,0.2800,0.6994,0.6466,cropped-bag-images-dev/FNAZBHCWSSX_1.jpg,NULL,15,3102
850,0.1169,0.1204,0.8377,0.9547,cropped-bag-images-dev/LMJ49QWP7OZ_1.jpg,NULL,15,3104
851,0.2197,0.4197,0.4528,0.6228,cropped-bag-images-dev/IWCW6CS3SBN_2.jpg,NULL,15,3105
852,0.1739,0.0675,0.8250,0.8588,cropped-bag-images-dev/M0KMZO5OBPS_1.jpg,NULL,15,3106
853,0.0489,0.4894,0.5808,0.9744,cropped-bag-images-dev/7QDT6P8WWJH_1.jpg,NULL,15,3107
854,0.3530,0.1975,0.8600,0.8898,cropped-bag-images-dev/I6DT4L3ZLBT_2.jpg,NULL,15,3108
855,0.0150,0.5012,0.4011,0.8374,cropped-bag-images-dev/A6EK00JQFDZ_2.jpg,NULL,15,3109
856,0.0000,0.3077,0.3297,1.0000,cropped-bag-images-dev/PAM7PZCO68Q_1.jpg,NULL,15,3110
857,0.0000,0.0000,1.0000,1.0000,cropped-bag-images-dev/121BIE63MVU_1.jpg,NULL,15,3111
858,0.3489,0.5033,0.7578,0.8714,cropped-bag-images-dev/3ANE31L2XVE_1.jpg,NULL,15,3112
859,0.2550,0.6189,0.7200,0.9920,cropped-bag-images-dev/QPHOHFSXWKP_1.jpg,NULL,15,3113
860,0.3622,0.4580,0.5600,0.9205,cropped-bag-images-dev/MTIBNRY915C_1.jpg,NULL,15,3114
861,0.1269,0.1858,0.7886,0.8597,cropped-bag-images-dev/LTPU0JJD1YV_1.jpg,NULL,15,3115
862,0.0070,0.1650,0.5724,0.6797,cropped-bag-images-dev/SS77VP9ZGDH_1.jpg,NULL,15,3116
863,0.2923,0.0277,0.7915,0.8795,cropped-bag-images-dev/CBGKQA7MTLX_1.jpg,NULL,15,3118
864,0.0109,0.0431,0.9969,0.9649,cropped-bag-images-dev/EFESPO3GHDK_1.jpg,NULL,15,3120
865,0.0219,0.1009,0.9969,0.9681,cropped-bag-images-dev/UI5L6MT1EPX_1.jpg,NULL,15,3121
866,0.0000,0.0000,1.0000,1.0000,cropped-bag-images-dev/QWV4J67OUVN_1.jpg,NULL,15,3122
867,0.0334,0.0423,1.0000,0.8958,cropped-bag-images-dev/AKV7QVLX6JW_1.jpg,NULL,15,3124
868,0.0890,0.0000,0.8898,0.9875,cropped-bag-images-dev/PEPQG3996YO_1.jpg,NULL,15,3125
869,0.0307,0.2674,0.9787,0.8674,cropped-bag-images-dev/JY9K691TGNW_1.jpg,NULL,15,3128
870,0.4830,0.4197,1.0000,0.7530,cropped-bag-images-dev/T9F64H06Q6T_1.jpg,NULL,15,3129
871,0.5440,0.0117,0.9420,0.9779,cropped-bag-images-dev/1ABTWVSIG4P_1.jpg,NULL,15,3130
872,0.5750,0.6678,0.9700,0.9994,cropped-bag-images-dev/VAL7F4FVJHA_1.jpg,NULL,15,3131
873,0.0035,0.1712,0.9885,1.0000,cropped-bag-images-dev/ONP78RIW2QC_1.jpg,NULL,15,3132
874,0.0050,0.0706,0.9940,0.9396,cropped-bag-images-dev/WB85YJ2HCFI_1.jpg,NULL,15,3134
875,0.0316,0.0000,0.9613,1.0000,cropped-bag-images-dev/I6O5HBTYQVI_1.jpg,NULL,15,3136
876,0.0967,0.1384,0.8350,0.9048,cropped-bag-images-dev/7Y1V956D81O_1.jpg,NULL,15,3137
877,0.0680,0.4168,0.9605,0.9484,cropped-bag-images-dev/7RY4J7ZIRWH_1.jpg,NULL,15,3138
878,0.4875,0.0184,0.9139,0.9799,cropped-bag-images-dev/OHFQ8MPFT6Z_1.jpg,NULL,15,3139
879,0.0160,0.0508,0.9820,0.9699,cropped-bag-images-dev/SPMZNZR0UVC_1.jpg,NULL,15,3140
880,0.0000,0.1516,1.0000,0.8314,cropped-bag-images-dev/Y9YV57S7WBF_1.jpg,NULL,15,3141
881,0.0169,0.2170,1.0000,0.8993,cropped-bag-images-dev/ZE3ID198ZNJ_1.jpg,NULL,15,3142
882,0.1025,0.3194,0.9512,0.9482,cropped-bag-images-dev/I4F4Q1HCNQV_1.jpg,NULL,15,3143
883,0.0225,0.2082,0.9925,0.8820,cropped-bag-images-dev/S8TCRMX2NFV_1.jpg,NULL,15,3144
884,0.3044,0.2264,1.0000,0.8673,cropped-bag-images-dev/ATRIXD8NUJQ_1.jpg,NULL,15,3146
885,0.0000,0.1732,0.9250,1.0000,cropped-bag-images-dev/Y06OJ9IYU7D_1.jpg,NULL,15,3148
886,0.3450,0.5044,0.6630,0.8202,cropped-bag-images-dev/950ES61HNTK_2.jpg,NULL,15,3150
887,0.0681,0.0859,0.9487,0.9389,cropped-bag-images-dev/1FVT9IIVJDC_1.jpg,NULL,15,3151
888,0.4150,0.3032,0.9698,0.6932,cropped-bag-images-dev/AFSC683H8DD_2.jpg,NULL,15,3153
889,0.0542,0.5224,0.9630,1.0000,cropped-bag-images-dev/3961SJJ4REJ_1.jpg,NULL,15,3154
890,0.0438,0.2644,0.9875,0.8582,cropped-bag-images-dev/XQWV2TI4N8M_1.jpg,NULL,15,3156
891,0.0450,0.1920,0.9250,0.9682,cropped-bag-images-dev/0R30QYDH4WL_1.jpg,NULL,15,3157
892,0.0300,0.0659,0.4600,0.7611,cropped-bag-images-dev/P5MP8R5ATGU_1.jpg,NULL,15,3158
893,0.0000,0.0000,1.0000,1.0000,cropped-bag-images-dev/3WG3MCWKSZS_1.jpg,NULL,15,3161
894,0.7898,0.1766,0.9929,0.4799,cropped-bag-images-dev/7RUAV39FK2V_1.jpg,NULL,15,3163
895,0.1338,0.0057,0.8350,0.9144,cropped-bag-images-dev/8WLBMMJP0NZ_1.jpg,NULL,15,3165
896,0.0000,0.0000,1.0000,1.0000,cropped-bag-images-dev/ZXHZHRM1LKG_1.jpg,NULL,15,3166
897,0.0212,0.3993,1.0000,0.9739,cropped-bag-images-dev/7XI8Q90108A_1.jpg,NULL,15,3168
898,0.0828,0.4358,0.8714,0.8993,cropped-bag-images-dev/4UK4NWBVWFA_1.jpg,NULL,15,3169
899,0.0875,0.0220,0.9100,0.9632,cropped-bag-images-dev/VTSAZIHTJ6M_1.jpg,NULL,15,3172
900,0.0961,0.0056,0.9026,0.9936,cropped-bag-images-dev/19SHDKAC7ZF_1.jpg,NULL,15,3173
901,0.0050,0.0707,0.9950,0.9170,cropped-bag-images-dev/KGC6BLK63FD_1.jpg,NULL,15,3175
902,0.0894,0.1593,0.9187,0.9520,cropped-bag-images-dev/8BESELCNJYM_1.jpg,NULL,15,3176
903,0.0714,0.0000,0.9571,1.0000,cropped-bag-images-dev/8057QTM3ZBE_1.jpg,NULL,15,3177
904,0.1362,0.4570,0.8125,1.0000,cropped-bag-images-dev/W4D4G0XHWID_1.jpg,NULL,15,3178
905,0.1102,0.0242,0.9025,0.9988,cropped-bag-images-dev/PAICMHT2G8V_1.jpg,NULL,15,3180
906,0.0250,0.2494,0.9600,0.8344,cropped-bag-images-dev/5KD2Q6L0R4Q_1.jpg,NULL,15,3182
907,0.0912,0.0882,0.8738,1.0000,cropped-bag-images-dev/BLWV8UB3GNO_1.jpg,NULL,15,3186
908,0.3799,0.2364,0.6801,0.5587,cropped-bag-images-dev/C4PSZCOO00W_1.jpg,NULL,15,3189
909,0.4758,0.2846,0.8360,0.5213,cropped-bag-images-dev/1WROT4GXO1Q_1.jpg,NULL,15,3190
910,0.1550,0.2559,0.5350,0.6309,cropped-bag-images-dev/1FPJ0KUBF0V_1.jpg,NULL,15,3191
911,0.3014,0.1831,0.6698,0.5134,cropped-bag-images-dev/6ICNV20X9DG_1.jpg,NULL,15,3192
912,0.2092,0.4540,1.0000,1.0000,cropped-bag-images-dev/Y2PCSMU7U8G_1.jpg,NULL,15,3193
913,0.2252,0.3011,0.4965,0.4565,cropped-bag-images-dev/H84FMVCP63G_1.jpg,NULL,15,3194
914,0.1610,0.1275,0.8843,0.6382,cropped-bag-images-dev/FKNPDKEGUSL_1.jpg,NULL,15,3195
915,0.1233,0.0390,0.8500,0.9857,cropped-bag-images-dev/SQJAPKTWWFJ_1.jpg,NULL,15,3196
916,0.3603,0.2954,0.5543,0.5155,cropped-bag-images-dev/SI2S9I3L5ZV_1.jpg,NULL,15,3197
917,0.0033,0.0000,0.9106,0.9720,cropped-bag-images-dev/FLYUE3YVHNY_1.jpg,NULL,15,3198
918,0.4492,0.2990,0.9279,0.6104,cropped-bag-images-dev/64KP1T203US_2.jpg,NULL,15,3200
919,0.0100,0.0851,0.9960,0.9111,cropped-bag-images-dev/QYFD9BVL4IB_1.jpg,NULL,15,3201
920,0.1949,0.3450,0.6564,0.7145,cropped-bag-images-dev/J5VOLT4O2MP_1.jpg,NULL,15,3202
921,0.0000,0.0000,1.0000,1.0000,cropped-bag-images-dev/O7HAH4DUTBK_1.jpg,NULL,15,3204
923,0.0094,0.5551,0.3328,0.9654,cropped-bag-images-dev/TWYQOL1923I_1.jpg,NULL,15,3206
924,0.4663,0.4745,0.7542,0.6306,cropped-bag-images-dev/0GAF5MKWNTU_1.jpg,NULL,15,3207
925,0.5704,0.2270,0.9804,0.5601,cropped-bag-images-dev/OVR76W8WE3E_1.jpg,NULL,15,3208
926,0.6208,0.3788,0.9778,0.8644,cropped-bag-images-dev/9Y78UVXBGDC_1.jpg,NULL,15,3209
927,0.3853,0.5376,0.9484,0.9776,cropped-bag-images-dev/0HGEML0IWRN_1.jpg,NULL,15,3212
928,0.1005,0.4515,0.3430,0.6680,cropped-bag-images-dev/L97P3TV5YPZ_1.jpg,NULL,15,3214
929,0.0234,0.0353,0.9906,0.9602,cropped-bag-images-dev/DFJMFPFYA8J_1.jpg,NULL,15,3217
930,0.5491,0.1659,0.7576,0.4716,cropped-bag-images-dev/WROXPCWIF4Z_1.jpg,NULL,15,3218
931,0.6570,0.4724,0.9307,0.7191,cropped-bag-images-dev/RHBD5X6P7BK_1.jpg,NULL,15,3219
932,0.4588,0.2959,0.8680,0.9643,cropped-bag-images-dev/MJJ7LM2251K_1.jpg,NULL,15,3220
933,0.1053,0.0231,0.8140,0.9511,cropped-bag-images-dev/SB0BD1LM0JT_1.jpg,NULL,15,3224
934,0.0983,0.4436,0.3853,0.6702,cropped-bag-images-dev/WIKM9T54QON_1.jpg,NULL,15,3226
935,0.0000,0.0000,0.5033,1.0000,cropped-bag-images-dev/PW9U51A588E_1.jpg,NULL,15,3227
936,0.0235,0.0955,0.9667,0.8814,cropped-bag-images-dev/RVIIRN0WWTW_1.jpg,NULL,15,3228
937,0.1319,0.0078,0.8945,0.9815,cropped-bag-images-dev/MJR5ZMOE7QR_1.jpg,NULL,15,3229
938,0.0000,0.0499,0.7206,0.8947,cropped-bag-images-dev/EJ21XSS0DLA_1.jpg,NULL,15,3231
939,0.5200,0.1264,0.9412,0.8914,cropped-bag-images-dev/SDLPEFTPAYV_1.jpg,NULL,15,3232
940,0.0177,0.0157,0.9674,0.9909,cropped-bag-images-dev/8QOA3IFX1TZ_1.jpg,NULL,15,3233
941,0.2309,0.3486,0.4908,0.5321,cropped-bag-images-dev/B9E46JIVAXW_2.jpg,NULL,15,3234
942,0.5138,0.1264,0.9425,0.8814,cropped-bag-images-dev/GRK508K17TO_1.jpg,NULL,15,3236
943,0.3929,0.2921,1.0000,0.6302,cropped-bag-images-dev/QR7FC9QJU2I_1.jpg,NULL,15,3239
944,0.5238,0.1514,0.9275,0.8964,cropped-bag-images-dev/FU6RLLGJ1ZU_1.jpg,NULL,15,3242
945,0.2172,0.1385,0.8252,0.8803,cropped-bag-images-dev/GQC8QYV907R_1.jpg,NULL,15,3243
946,0.1344,0.0068,0.9369,0.9861,cropped-bag-images-dev/LKSBPMX4TAE_1.jpg,NULL,15,3244
947,0.1000,0.1638,0.9139,0.8386,cropped-bag-images-dev/VUB54LXL8TY_1.jpg,NULL,15,3245
948,0.6121,0.4536,0.7946,0.6069,cropped-bag-images-dev/TYTOOZL1ZUL_2.jpg,NULL,15,3248
949,0.5476,0.4021,0.6907,0.6195,cropped-bag-images-dev/5KXOTPOZTOC_2.jpg,NULL,15,3249
950,0.0709,0.0288,0.8954,0.5293,cropped-bag-images-dev/ZDJ3GE2V47U_1.jpg,NULL,15,3250
951,0.2235,0.5076,0.7379,0.9816,cropped-bag-images-dev/6BXEGQOQMZB_1.jpg,NULL,15,3251
952,0.0676,0.4644,0.9151,0.9721,cropped-bag-images-dev/ETKCFBRW2TS_1.jpg,NULL,15,3252
953,0.5532,0.5696,1.0000,0.8531,cropped-bag-images-dev/KEONKPBBQLQ_2.jpg,NULL,15,3254
954,0.0486,0.3184,0.5319,0.6551,cropped-bag-images-dev/NNULAWLXATE_1.jpg,NULL,15,3255
955,0.1068,0.4878,0.3056,0.7820,cropped-bag-images-dev/3INFBZ9MG8M_1.jpg,NULL,15,3256
956,0.1380,0.0000,0.8451,0.9678,cropped-bag-images-dev/NLLJAWVDH3A_1.jpg,NULL,15,3259
957,0.2867,0.3263,0.5958,0.5630,cropped-bag-images-dev/C0155N9KP7W_1.jpg,NULL,15,3261
958,0.5568,0.5204,0.8233,0.6581,cropped-bag-images-dev/Y9WMAI9Q07H_1.jpg,NULL,15,3262
959,0.2726,0.4666,0.9586,0.9486,cropped-bag-images-dev/0VA6XCUU77U_1.jpg,NULL,15,3263
960,0.0102,0.1624,0.9918,0.8501,cropped-bag-images-dev/EJE3O3UCFNP_1.jpg,NULL,15,3264
961,0.1911,0.6409,0.4135,0.9150,cropped-bag-images-dev/J5JNFR7PJFR_1.jpg,NULL,15,3265
962,0.0500,0.0820,0.9302,0.9322,cropped-bag-images-dev/5ALXZTSTJ0S_1.jpg,NULL,15,3266
963,0.0000,0.2950,0.9806,0.7052,cropped-bag-images-dev/0AJZHK5TXGX_1.jpg,NULL,15,3267
964,0.1615,0.3908,0.7103,0.8043,cropped-bag-images-dev/15BP7KHQK7Y_1.jpg,NULL,15,3268
965,0.4233,0.5027,0.9900,0.9452,cropped-bag-images-dev/NDKOFMHO3LZ_1.jpg,NULL,15,3269
966,0.6080,0.7931,1.0000,1.0000,cropped-bag-images-dev/1UUXDQRTN8X_2.jpg,NULL,15,3270
967,0.0000,0.2937,0.3333,0.5743,cropped-bag-images-dev/CK1KPZPXJQI_1.jpg,NULL,15,3272
968,0.0317,0.2788,0.9798,0.9548,cropped-bag-images-dev/C3O8AP5T6YS_1.jpg,NULL,15,3275
969,0.0168,0.5436,0.5475,0.9696,cropped-bag-images-dev/X3593IE9PDQ_1.jpg,NULL,15,3276
970,0.2068,0.4051,0.6511,0.7389,cropped-bag-images-dev/NZ36IYF5WYY_1.jpg,NULL,15,3277
971,0.0088,0.1370,0.9988,0.9244,cropped-bag-images-dev/QRU4YD56ILE_1.jpg,NULL,15,3280
972,0.0088,0.1357,0.9850,0.9332,cropped-bag-images-dev/KJ60PBESFRO_1.jpg,NULL,15,3281
974,0.0000,0.0000,1.0000,1.0000,cropped-bag-images-dev/XJGBZLWKFVM_1.jpg,NULL,15,3283
975,0.1556,0.0722,0.8518,0.8731,cropped-bag-images-dev/WKWNTEN3JAA_1.jpg,NULL,15,3284
976,0.0400,0.2291,0.9760,0.9891,cropped-bag-images-dev/WJKGOGRE06D_1.jpg,NULL,15,3285
977,0.4500,0.0252,0.9900,0.5419,cropped-bag-images-dev/J1F1YCDGCCZ_1.jpg,NULL,15,3286
978,0.0220,0.1026,0.9550,0.8976,cropped-bag-images-dev/IB4BA0FSZCD_1.jpg,NULL,15,3287
979,0.0100,0.0682,0.9888,0.8907,cropped-bag-images-dev/1Z366SCMUYJ_1.jpg,NULL,15,3288
980,0.1722,0.0329,0.8160,0.9714,cropped-bag-images-dev/3FAN5UL11ZM_1.jpg,NULL,15,3290
981,0.0417,0.0293,0.9542,0.9404,cropped-bag-images-dev/LNGBJ2JNKHB_1.jpg,NULL,15,3292
982,0.0350,0.1620,0.9612,0.8957,cropped-bag-images-dev/1S0V82XM1SY_1.jpg,NULL,15,3293
983,0.0000,0.0000,1.0000,1.0000,cropped-bag-images-dev/HP0LBQHQN1W_1.jpg,NULL,15,3294
984,0.0550,0.0000,0.9220,0.9824,cropped-bag-images-dev/DWQMUWYFEHA_1.jpg,NULL,15,3295
985,0.0257,0.0476,0.9657,0.9375,cropped-bag-images-dev/HJ4U6UXQ2YA_1.jpg,NULL,15,3296
986,0.0220,0.0217,0.9520,0.9662,cropped-bag-images-dev/2FPO8UN87PM_1.jpg,NULL,15,3297
987,0.1073,0.1924,0.8433,0.9397,cropped-bag-images-dev/D1YJV2IR1QX_1.jpg,NULL,15,3298
988,0.0000,0.0000,1.0000,1.0000,cropped-bag-images-dev/26PH96KT0TH_1.jpg,NULL,15,3301
989,0.0420,0.2131,0.7640,0.9771,cropped-bag-images-dev/02FCC79FSNN_1.jpg,NULL,15,3304
990,0.0583,0.2337,0.9157,0.8434,cropped-bag-images-dev/CM3H8UXWU6D_1.jpg,NULL,15,3306
991,0.1646,0.1948,0.9177,0.9765,cropped-bag-images-dev/LQLWEF46FEE_1.jpg,NULL,15,3308
992,0.0250,0.0236,0.9875,0.9893,cropped-bag-images-dev/4TUXGV80BGM_1.jpg,NULL,15,3312
993,0.0450,0.2170,0.9550,0.8220,cropped-bag-images-dev/TY3URCRK0GF_1.jpg,NULL,15,3315
994,0.0338,0.0382,0.9700,0.9470,cropped-bag-images-dev/X7PVEPHJ2UE_1.jpg,NULL,15,3319
995,0.0918,0.1600,0.9557,0.9575,cropped-bag-images-dev/AJ2GW226FJC_1.jpg,NULL,15,3320
996,0.0000,0.1120,0.9862,0.8507,cropped-bag-images-dev/GDQDBKECN8N_1.jpg,NULL,15,3324
997,0.0000,0.0627,0.9812,0.9238,cropped-bag-images-dev/JQ4X828G6HM_1.jpg,NULL,15,3325
998,0.0988,0.1507,0.9112,0.9620,cropped-bag-images-dev/M19F6TDN8VR_1.jpg,NULL,15,3326
999,0.0827,0.2010,0.9033,0.8124,cropped-bag-images-dev/UQQNJ5S2F5E_1.jpg,NULL,15,3328
1000,0.0000,0.2094,0.9938,0.8570,cropped-bag-images-dev/2Q463ZZEH3O_1.jpg,NULL,15,3331
1001,0.1417,0.2065,0.9817,0.7986,cropped-bag-images-dev/T6F7LXVP1RW_1.jpg,NULL,15,3332
1002,0.0318,0.1526,0.9182,0.9389,cropped-bag-images-dev/98PM92FYV5L_1.jpg,NULL,15,3333
1003,0.1454,0.1802,0.9009,0.8629,cropped-bag-images-dev/JQVLTG3KI4H_1.jpg,NULL,15,3334
1004,0.1210,0.0766,0.9180,0.9516,cropped-bag-images-dev/SOYYKYNPZIU_1.jpg,NULL,15,3336
1005,0.0890,0.0686,0.9530,0.8936,cropped-bag-images-dev/V0P6541PR1B_1.jpg,NULL,15,3338
1006,0.0845,0.0458,0.9250,0.9718,cropped-bag-images-dev/KXTBU0M17MC_1.jpg,NULL,15,3339
1007,0.1243,0.0705,0.9203,0.9392,cropped-bag-images-dev/1L4H2C9EW7S_1.jpg,NULL,15,3340
1008,0.1441,0.0206,0.8676,0.9984,cropped-bag-images-dev/R79NCT1NNBC_1.jpg,NULL,15,3341
1009,0.0000,0.2032,0.9988,0.9520,cropped-bag-images-dev/510ZIQR2GBS_1.jpg,NULL,15,3343
1010,0.0000,0.1230,0.9959,0.9722,cropped-bag-images-dev/JMSR243B15S_1.jpg,NULL,15,3344
1011,0.0268,0.0827,0.9839,0.8542,cropped-bag-images-dev/ZS1W2A26V9E_1.jpg,NULL,15,3345
1012,0.0905,0.0585,0.8707,0.9335,cropped-bag-images-dev/PTQV1D21WKK_1.jpg,NULL,15,3347
1013,0.0981,0.3226,0.9065,0.8428,cropped-bag-images-dev/YN9N5OYJCZV_1.jpg,NULL,15,3351
1014,0.0353,0.4984,0.9735,0.9910,cropped-bag-images-dev/SCAIJJAPR4T_1.jpg,NULL,15,3352
1015,0.0062,0.1494,1.0000,0.7920,cropped-bag-images-dev/MGFPVTHS4EE_1.jpg,NULL,15,3353
1016,0.5533,0.5085,0.9867,0.9919,cropped-bag-images-dev/VYMM8PR17SX_1.jpg,NULL,15,3354
1017,0.0050,0.5073,0.2525,1.0000,cropped-bag-images-dev/KO2615QOJGD_1.jpg,NULL,15,3355
1018,0.1973,0.1519,0.8144,0.8824,cropped-bag-images-dev/36SRB7TAQHI_1.jpg,NULL,15,3356
1019,0.0075,0.0104,0.5075,0.4365,cropped-bag-images-dev/SOR831ZMPBH_1.jpg,NULL,15,3357
1020,0.4164,0.0494,0.8234,0.9897,cropped-bag-images-dev/UOVUCMCPKWC_1.jpg,NULL,15,3358
1021,0.0880,0.0114,0.9093,0.8874,cropped-bag-images-dev/UYP1Y42ZY0E_1.jpg,NULL,15,3360
1022,0.4712,0.0097,0.9650,0.5033,cropped-bag-images-dev/PNI6TWS269N_1.jpg,NULL,15,3361
1023,0.0561,0.0923,0.9649,0.9033,cropped-bag-images-dev/3AC1S9KPUBJ_1.jpg,NULL,15,3363
1024,0.0550,0.0540,0.9738,0.9553,cropped-bag-images-dev/8KFLNGXX41Y_1.jpg,NULL,15,3364
1025,0.0071,0.0063,0.9906,0.9939,cropped-bag-images-dev/V1I2F3853CI_1.jpg,NULL,15,3365
1026,0.2079,0.4240,0.7366,0.9801,cropped-bag-images-dev/G8JO5076J6H_1.jpg,NULL,15,3366
1027,0.2211,0.1188,0.7641,0.9036,cropped-bag-images-dev/YNTY4WOZQKG_1.jpg,NULL,15,3367
1028,0.0598,0.0240,0.9361,0.9700,cropped-bag-images-dev/QT3D7NK9C0U_1.jpg,NULL,15,3371
1030,0.0476,0.0000,0.9333,0.9509,cropped-bag-images-dev/8XDK71XWY7U_1.jpg,NULL,15,3375
1031,0.3000,0.0962,0.6973,0.8943,cropped-bag-images-dev/F0Y4OFT0YGK_1.jpg,NULL,15,3376
1032,0.0500,0.0000,0.9558,0.9993,cropped-bag-images-dev/BQURTROCPRZ_1.jpg,NULL,15,3377
1033,0.0000,0.0000,1.0000,1.0000,cropped-bag-images-dev/1N27MYKHFTM_1.jpg,NULL,15,3379
1034,0.0129,0.0087,0.9943,0.9839,cropped-bag-images-dev/0H05JJB4M8U_1.jpg,NULL,15,3380
1035,0.0000,0.0000,1.0000,1.0000,cropped-bag-images-dev/FW9QJD3XIFT_1.jpg,NULL,15,3383
1036,0.0473,0.0113,0.9401,0.9907,cropped-bag-images-dev/JN2I99BVHPI_1.jpg,NULL,15,3386
1037,0.1000,0.0000,0.8857,1.0000,cropped-bag-images-dev/FU8C3TRLXGL_1.jpg,NULL,15,3388
1038,0.1070,0.0509,0.8652,0.8989,cropped-bag-images-dev/H877GC1SZKH_1.jpg,NULL,15,3391
1039,0.1844,0.1159,0.7589,0.9743,cropped-bag-images-dev/IDWUALUMOTW_1.jpg,NULL,15,3393
1040,0.0000,0.0000,1.0000,1.0000,cropped-bag-images-dev/43QQLNP35KQ_1.jpg,NULL,15,3395
1041,0.3496,0.0877,0.6488,0.9877,cropped-bag-images-dev/VSHOILGC83V_1.jpg,NULL,15,3396
1042,0.0000,0.0000,1.0000,1.0000,cropped-bag-images-dev/B1WY0GTGQGV_1.jpg,NULL,15,3399
1043,0.3040,0.2288,0.9240,0.8819,cropped-bag-images-dev/EOKO6EVPJ1C_1.jpg,NULL,15,3400
1044,0.0947,0.0000,0.8947,0.9501,cropped-bag-images-dev/SFLRQ42BRPY_1.jpg,NULL,15,3401
1045,0.0000,0.0000,1.0000,1.0000,cropped-bag-images-dev/RBF8VY5CZGK_1.jpg,NULL,15,3403
1046,0.0611,0.0566,0.9486,0.8948,cropped-bag-images-dev/K3F8VOYV6EN_1.jpg,NULL,15,3404
1047,0.0788,0.1922,0.8614,0.8752,cropped-bag-images-dev/0I6DO5FQ19Z_1.jpg,NULL,15,3405
1048,0.6673,0.0337,1.0000,0.5077,cropped-bag-images-dev/N0KNDBBMKHW_1.jpg,NULL,15,3406
1050,0.1429,0.0544,0.8300,0.9649,cropped-bag-images-dev/P7W3Q2D501Q_1.jpg,NULL,15,3409
1052,0.0340,0.0033,1.0000,0.9434,cropped-bag-images-dev/HMB66IQY89W_1.jpg,NULL,15,3411
1053,0.0000,0.0000,1.0000,1.0000,cropped-bag-images-dev/AH6AL2Y7R6H_1.jpg,NULL,15,3412
1054,0.0636,0.0510,0.8771,0.9559,cropped-bag-images-dev/I84TDE285NJ_1.jpg,NULL,15,3413
1055,0.0000,0.0000,1.0000,1.0000,cropped-bag-images-dev/23PVNBF9WMX_1.jpg,NULL,15,3414
1056,0.0088,0.0468,0.9912,0.8985,cropped-bag-images-dev/688SDVWY1OF_1.jpg,NULL,15,3417
1058,0.0000,0.0000,1.0000,1.0000,cropped-bag-images-dev/4I9CM0IG0LF_1.jpg,NULL,15,3419
1060,0.0517,0.0876,0.9600,0.9743,cropped-bag-images-dev/RJNUYJ7CYII_1.jpg,NULL,15,3426
1061,0.0229,0.0094,0.9390,0.8208,cropped-bag-images-dev/7PBUHU2P3WU_1.jpg,NULL,15,3430
1062,0.0638,0.0282,0.9250,0.9920,cropped-bag-images-dev/1UA0BOW986R_1.jpg,NULL,15,3431
1063,0.0000,0.0000,1.0000,1.0000,cropped-bag-images-dev/5LFXP3XM2YJ_1.jpg,NULL,15,3433
1064,0.0000,0.0000,0.9902,0.8769,cropped-bag-images-dev/NMSUQ88L95I_1.jpg,NULL,15,3434
1065,0.0125,0.0420,0.9766,0.9470,cropped-bag-images-dev/HZOK7O1HKCY_1.jpg,NULL,15,3436
1066,0.0000,0.0000,1.0000,1.0000,cropped-bag-images-dev/7X3L5H3E8SR_1.jpg,NULL,15,3437
1067,0.1158,0.0000,0.8424,0.9344,cropped-bag-images-dev/D9IUWBOQSJD_1.jpg,NULL,15,3438
1068,0.0667,0.1376,0.9300,0.8393,cropped-bag-images-dev/C4IF8O7SZUD_1.jpg,NULL,15,3465
1069,0.0834,0.2073,0.9611,0.9328,cropped-bag-images-dev/QIRDIFSY4MV_1.jpg,NULL,15,3469
1070,0.0484,0.0820,0.9374,0.9652,cropped-bag-images-dev/TECJI45JPWH_1.jpg,NULL,15,3495
1071,0.0000,0.0000,1.0000,1.0000,cropped-bag-images-dev/OLR5Y0DCF1C_1.jpg,NULL,15,3524
1072,0.0000,0.0000,1.0000,1.0000,cropped-bag-images-dev/CAJHPGJZJEF_1.jpg,NULL,15,3525
1073,0.1300,0.0688,0.8860,0.9828,cropped-bag-images-dev/RS3UWEWG6NF_1.jpg,NULL,15,3526
1074,0.0219,0.0558,0.9656,0.9303,cropped-bag-images-dev/TKK2FKQ1SRY_1.jpg,NULL,15,3527
1075,0.0173,0.0648,0.9453,0.9808,cropped-bag-images-dev/U2EAFMYTNKT_1.jpg,NULL,15,3529
1076,0.0000,0.0000,1.0000,1.0000,cropped-bag-images-dev/DT6R0CG312B_1.jpg,NULL,15,3531
1077,0.0000,0.0000,1.0000,1.0000,cropped-bag-images-dev/XTKVFIAZ8UH_1.jpg,NULL,15,3532
1078,0.1288,0.0307,0.6600,0.8882,cropped-bag-images-dev/D3L7X7WI7UX_1.jpg,NULL,15,3533
1079,0.1267,0.0518,0.8956,0.9080,cropped-bag-images-dev/YEO73SY0XET_1.jpg,NULL,15,3535
1080,0.0578,0.0927,0.9311,0.9182,cropped-bag-images-dev/WNE0SIS8X3T_1.jpg,NULL,15,3540
1081,0.2120,0.2246,0.8050,0.8306,cropped-bag-images-dev/ABI1ZUWDDTA_1.jpg,NULL,15,3543
1083,0.0075,0.1432,0.9938,0.9044,cropped-bag-images-dev/2OLXBCYKYKW_1.jpg,NULL,15,3545
1084,0.0000,0.0000,1.0000,1.0000,cropped-bag-images-dev/0WVWGVCJ3EK_1.jpg,NULL,15,3546
1085,0.1695,0.2305,0.8375,0.9105,cropped-bag-images-dev/QEQZMDGYL4H_1.jpg,NULL,15,3549
1086,0.1695,0.2305,0.8375,0.9105,cropped-bag-images-dev/HZKD1074YIJ_1.jpg,NULL,15,3549
1087,0.0500,0.0337,0.9562,0.9852,cropped-bag-images-dev/7PHWY7B3IVH_1.jpg,NULL,15,3551
1088,0.0000,0.0000,1.0000,1.0000,cropped-bag-images-dev/DYSJU82IDHE_1.jpg,NULL,15,3552
1089,0.2333,0.0143,0.9600,0.9299,cropped-bag-images-dev/B83K0E8CBOR_1.jpg,NULL,15,3553
1090,0.0575,0.0120,0.9188,0.9857,cropped-bag-images-dev/NARFQ7J0MTB_1.jpg,NULL,15,3555
1091,0.0339,0.0736,0.8763,0.8809,cropped-bag-images-dev/AZFMH72M4XF_1.jpg,NULL,15,3561
1092,0.0141,0.1199,1.0000,0.8974,cropped-bag-images-dev/3VTAJ8V72ZG_1.jpg,NULL,15,3563
1093,0.0450,0.1694,1.0000,0.9220,cropped-bag-images-dev/OO9RT72M1YR_1.jpg,NULL,15,3564
1094,0.5962,0.0007,0.9825,0.6844,cropped-bag-images-dev/GZ3NK3P2ZGF_1.jpg,NULL,15,3565
1095,0.0333,0.0693,0.3987,0.8043,cropped-bag-images-dev/GFBJ3XY58UZ_1.jpg,NULL,15,3566
1096,0.1688,0.0732,0.8688,0.9832,cropped-bag-images-dev/U1TUS9YWI2Q_1.jpg,NULL,15,3568
1097,0.1928,0.0190,0.8478,0.4870,cropped-bag-images-dev/S7KO5OHBAOG_1.jpg,NULL,15,3569
1098,0.0000,0.0000,1.0000,1.0000,cropped-bag-images-dev/AQAXTZY0MMK_1.jpg,NULL,15,3572
1099,0.0000,0.0000,1.0000,1.0000,cropped-bag-images-dev/YSP9N4DFFZG_1.jpg,NULL,15,3574
1100,0.0396,0.0321,0.9083,1.0000,cropped-bag-images-dev/GR820NWFDKW_1.jpg,NULL,15,3575
1101,0.0793,0.1165,0.9931,0.9044,cropped-bag-images-dev/QGVDWIGHIPD_1.jpg,NULL,15,3576
1103,0.0110,0.1784,0.9980,0.9336,cropped-bag-images-dev/RCIBINLN9IU_1.jpg,NULL,15,3580
1104,0.0678,0.0971,0.9407,0.9140,cropped-bag-images-dev/QC6NFQASX3Z_1.jpg,NULL,15,3583
1105,0.0133,0.0807,0.9844,0.9129,cropped-bag-images-dev/565XDLDC9UK_1.jpg,NULL,15,3586
1106,0.0462,0.0357,0.9500,0.9707,cropped-bag-images-dev/M5P78RE9ZIA_1.jpg,NULL,15,3588
1107,0.0872,0.0620,0.9322,0.9414,cropped-bag-images-dev/JRALPR2YJIT_1.jpg,NULL,15,3590
1108,0.0933,0.0851,0.9067,0.8674,cropped-bag-images-dev/5UJL1W89ITO_1.jpg,NULL,15,3591
1109,0.0794,0.1020,0.9472,0.8892,cropped-bag-images-dev/9PIIORM8SIF_1.jpg,NULL,15,3592
1110,0.0140,0.0516,0.9020,0.9597,cropped-bag-images-dev/MLS7DF5F5OS_1.jpg,NULL,15,3593
1111,0.0375,0.0516,0.9146,1.0000,cropped-bag-images-dev/6864ZI6T4BY_1.jpg,NULL,15,3595
1112,0.2660,0.0378,0.7183,0.8903,cropped-bag-images-dev/382ATW3R9JM_1.jpg,NULL,15,3596
1113,0.0467,0.0754,0.9178,0.9406,cropped-bag-images-dev/DUORKZDQRAG_1.jpg,NULL,15,3598
1115,0.0131,0.2196,1.0000,0.9357,cropped-bag-images-dev/86SRC3SZQTQ_1.jpg,NULL,15,3601
1116,0.0212,0.1015,0.9693,0.8729,cropped-bag-images-dev/P3QHJSNVI1G_1.jpg,NULL,15,3602
1117,0.0333,0.1735,0.9489,0.8500,cropped-bag-images-dev/5BILBIKKYOI_1.jpg,NULL,15,3604
1118,0.0622,0.0829,0.9533,0.8975,cropped-bag-images-dev/VSZ06U64CYR_1.jpg,NULL,15,3608
1119,0.0000,0.0000,1.0000,1.0000,cropped-bag-images-dev/WED7M1ZM3BL_1.jpg,NULL,15,3609
1120,0.0578,0.0130,0.9244,0.8819,cropped-bag-images-dev/QX5ZP4YGTQU_1.jpg,NULL,15,3610
1121,0.0073,0.2028,0.9854,0.8847,cropped-bag-images-dev/34UHGUZ91NZ_1.jpg,NULL,15,3611
1122,0.1665,0.1520,0.8181,0.8857,cropped-bag-images-dev/QV2VVT78T3Q_1.jpg,NULL,15,3612
1123,0.0820,0.0128,1.0000,0.9888,cropped-bag-images-dev/DT9HSQ3NO3O_1.jpg,NULL,15,3615
1124,0.1556,0.0111,0.6800,0.8486,cropped-bag-images-dev/6CAB221VH0X_1.jpg,NULL,15,3617
1125,0.0000,0.0000,1.0000,1.0000,cropped-bag-images-dev/KS1G397IP8Y_1.jpg,NULL,15,3619
1126,0.4823,0.4421,0.8081,1.0000,cropped-bag-images-dev/ATBIOA0F2HT_1.jpg,NULL,15,3620
1128,0.0500,0.0096,0.8707,1.0000,cropped-bag-images-dev/MO1V0NX1J8G_1.jpg,NULL,15,3624
1129,0.0367,0.0842,0.9833,0.9246,cropped-bag-images-dev/RMFMHBN482L_1.jpg,NULL,15,3626
1130,0.0100,0.1310,0.9900,0.8906,cropped-bag-images-dev/FJOPWXBKY6H_1.jpg,NULL,15,3627
1131,0.0814,0.0722,0.9872,0.9565,cropped-bag-images-dev/QVHDFQDB2NO_1.jpg,NULL,15,3628
1132,0.0835,0.0365,1.0000,0.8137,cropped-bag-images-dev/P7CCWUANDMY_1.jpg,NULL,15,3629
1133,0.0672,0.1079,0.9190,0.9561,cropped-bag-images-dev/11NX54ORRMY_1.jpg,NULL,15,3630
1134,0.0748,0.0183,0.9466,0.9691,cropped-bag-images-dev/OLCKECJ4N7J_1.jpg,NULL,15,3631
1135,0.1230,0.0097,0.8849,0.9940,cropped-bag-images-dev/16S2Y5YXBEP_1.jpg,NULL,15,3632
1136,0.0069,0.0417,1.0000,0.3337,cropped-bag-images-dev/LSFUM72H2RJ_1.jpg,NULL,15,3637
1137,0.4900,0.5952,0.7317,1.0000,cropped-bag-images-dev/8VMSTICLINU_1.jpg,NULL,15,3639
1138,0.0675,0.0389,0.8875,0.9914,cropped-bag-images-dev/BWB2AKIGMNF_1.jpg,NULL,15,3641
1139,0.0650,0.0439,0.9100,0.9789,cropped-bag-images-dev/UFC9PWWGK6C_1.jpg,NULL,15,3642
1140,0.0575,0.0239,0.9275,0.9689,cropped-bag-images-dev/V41V5Y3FWGF_1.jpg,NULL,15,3643
1141,0.5417,0.4087,0.6653,0.5974,cropped-bag-images-dev/AJPYRPE0JAL_2.jpg,NULL,15,3644
1142,0.0525,0.0364,0.9325,0.9889,cropped-bag-images-dev/WDU7WBAKN9N_1.jpg,NULL,15,3648
1143,0.0297,0.1908,0.9915,0.9536,cropped-bag-images-dev/VAB754Z25KO_1.jpg,NULL,15,3649
1144,0.0353,0.0198,0.7459,0.9627,cropped-bag-images-dev/96SC6RYAWHT_2.jpg,NULL,15,3651
1145,0.0174,0.3066,0.6580,0.7307,cropped-bag-images-dev/EZW91SMBW3B_1.jpg,NULL,15,3653
1146,0.0992,0.0584,0.8867,0.9795,cropped-bag-images-dev/2W0NBXC2SWM_1.jpg,NULL,15,3654
1147,0.1089,0.0643,0.9511,0.9018,cropped-bag-images-dev/9RWEVU5Y05X_1.jpg,NULL,15,3655
1148,0.0000,0.0000,1.0000,1.0000,cropped-bag-images-dev/AKYM6QXZS0Y_1.jpg,NULL,15,3658
1149,0.3631,0.1814,0.9662,0.8466,cropped-bag-images-dev/BWT1TE9PGBN_1.jpg,NULL,15,3659
1150,0.1733,0.4542,0.3183,0.7460,cropped-bag-images-dev/RUJ1WN18EME_1.jpg,NULL,15,3660
1151,0.0367,0.1871,0.9604,0.9009,cropped-bag-images-dev/353CJ0CH5MG_1.jpg,NULL,15,3663
1152,0.0000,0.0446,1.0000,0.2833,cropped-bag-images-dev/G5HH9Q3VESS_1.jpg,NULL,15,3666
1153,0.0000,0.0000,1.0000,1.0000,cropped-bag-images-dev/TTUW0MW7X6L_1.jpg,NULL,15,3670
1154,0.0582,0.1602,0.9520,0.7875,cropped-bag-images-dev/AB5W5BHIZIG_1.jpg,NULL,15,3671
1155,0.0250,0.2253,0.9592,0.7492,cropped-bag-images-dev/D8U0KOOJIPO_1.jpg,NULL,15,3672
1156,0.0417,0.2157,0.9464,0.8197,cropped-bag-images-dev/PDG5YKSHFXU_1.jpg,NULL,15,3674
1157,0.3578,0.0159,0.6781,1.0000,cropped-bag-images-dev/L5UUSOBV43R_1.jpg,NULL,15,3675
1158,0.0508,0.3582,1.0000,0.9141,cropped-bag-images-dev/FV2GDRNGHDV_1.jpg,NULL,15,3676
1159,0.0000,0.0000,1.0000,1.0000,cropped-bag-images-dev/KKI57LGSY1H_1.jpg,NULL,15,3677
1160,0.6250,0.0317,0.9891,0.9915,cropped-bag-images-dev/7T8N5I3H7WF_1.jpg,NULL,15,3678
1161,0.0000,0.0000,1.0000,1.0000,cropped-bag-images-dev/Y7E55E1FMSM_1.jpg,NULL,15,3680
1162,0.0067,0.0669,0.5867,0.7742,cropped-bag-images-dev/OZUYDAVGWBH_1.jpg,NULL,15,3681
1163,0.0111,0.2096,0.9972,0.8004,cropped-bag-images-dev/492EHVJK2MI_1.jpg,NULL,15,3682
1164,0.0424,0.1281,0.9958,0.8722,cropped-bag-images-dev/TSMZU7L1L6H_1.jpg,NULL,15,3684
1165,0.1067,0.0186,0.8858,0.8664,cropped-bag-images-dev/QWNYP5GMORG_1.jpg,NULL,15,3685
1166,0.0100,0.0126,0.9767,0.9743,cropped-bag-images-dev/6U0SZGGA5EY_1.jpg,NULL,15,3686
1167,0.1414,0.0320,0.9069,0.9682,cropped-bag-images-dev/FR9MGFFNRVU_1.jpg,NULL,15,3687
1168,0.3777,0.1337,0.9361,0.6681,cropped-bag-images-dev/IQ9Y1OY3COU_1.jpg,NULL,15,3688
1169,0.0297,0.0414,0.9781,0.9915,cropped-bag-images-dev/30I6TR574PQ_1.jpg,NULL,15,3689
1170,0.0000,0.0000,1.0000,1.0000,cropped-bag-images-dev/BHR2XKDW4XI_1.jpg,NULL,15,3690
1171,0.1711,0.5228,0.5745,0.7603,cropped-bag-images-dev/J9ANZEL0O0H_1.jpg,NULL,15,3691
1172,0.2243,0.4963,0.6596,0.7188,cropped-bag-images-dev/T0L6L5F5NBU_1.jpg,NULL,15,3692
1173,0.0815,0.1128,0.9294,0.8510,cropped-bag-images-dev/H3OIEO8TJSN_1.jpg,NULL,15,3693
1174,0.1131,0.1831,0.8787,0.9132,cropped-bag-images-dev/MW0SI8PON3H_1.jpg,NULL,15,3694
1175,0.0933,0.0079,0.9467,0.8835,cropped-bag-images-dev/HD86P427PVK_1.jpg,NULL,15,3695
1176,0.0766,0.0899,0.8891,0.9431,cropped-bag-images-dev/1IQX3A7WA3B_1.jpg,NULL,15,3696
1177,0.0802,0.0211,0.9384,0.8511,cropped-bag-images-dev/CKG5MYZAF3R_1.jpg,NULL,15,3697
1178,0.0054,0.1664,0.9859,0.8533,cropped-bag-images-dev/B3SKD8NWE3Z_1.jpg,NULL,15,3699
1179,0.0390,0.2338,0.9504,0.7623,cropped-bag-images-dev/DFRI2EZ4SJM_1.jpg,NULL,15,3700
1180,0.1533,0.1592,0.8450,0.8952,cropped-bag-images-dev/04T8KLDF7IC_1.jpg,NULL,15,3701
1181,0.0319,0.0204,0.4580,0.9911,cropped-bag-images-dev/GSNR61TMXZG_1.jpg,NULL,15,3702
1182,0.0108,0.0170,0.5630,0.9987,cropped-bag-images-dev/GGA0BIRKA0O_1.jpg,NULL,15,3703
1183,0.0103,0.3164,0.9536,0.9148,cropped-bag-images-dev/XAJM4INSWOX_1.jpg,NULL,15,3704
1184,0.0461,0.0116,0.9829,0.9766,cropped-bag-images-dev/JBQ5SHMT78X_1.jpg,NULL,15,3705
1185,0.6254,0.6794,0.7536,0.8351,cropped-bag-images-dev/LVZJKEZWIQD_1.jpg,NULL,15,3706
1186,0.4933,0.0374,0.9933,1.0000,cropped-bag-images-dev/ZTKLNWNL08P_1.jpg,NULL,15,3707
1187,0.1340,0.0112,0.8720,0.9854,cropped-bag-images-dev/QGABE0C600R_1.jpg,NULL,15,3708
1188,0.2642,0.4908,0.3813,0.7594,cropped-bag-images-dev/Y67IAEGXTYH_1.jpg,NULL,15,3709
1189,0.0127,0.0637,0.9830,0.9197,cropped-bag-images-dev/SS8X680H9PW_1.jpg,NULL,15,3710
1190,0.0567,0.0724,0.9400,0.8190,cropped-bag-images-dev/W9OTK9DYCHU_1.jpg,NULL,15,3711
1191,0.1933,0.5378,0.6046,0.7698,cropped-bag-images-dev/B10X0Q8CHWA_1.jpg,NULL,15,3712
1192,0.0600,0.3568,0.8933,0.8390,cropped-bag-images-dev/23EKR0HIV9I_1.jpg,NULL,15,3713
1193,0.0000,0.0000,1.0000,1.0000,cropped-bag-images-dev/NNKV7D86DBO_1.jpg,NULL,15,3714
1194,0.0068,0.2550,0.9307,0.7958,cropped-bag-images-dev/1K8IYONDSKJ_1.jpg,NULL,15,3715
1195,0.0383,0.1439,1.0000,0.8493,cropped-bag-images-dev/GCFXFAV10GC_1.jpg,NULL,15,3716
1196,0.0460,0.0104,0.9630,0.9084,cropped-bag-images-dev/515RZN83DRK_1.jpg,NULL,15,3717
1197,0.0417,0.2644,0.9762,0.7778,cropped-bag-images-dev/5A68W5KIHUO_1.jpg,NULL,15,3719
1198,0.0000,0.0000,0.7890,0.6851,cropped-bag-images-dev/D01O37ISJ6A_1.jpg,NULL,15,3720
1199,0.0720,0.1485,0.9746,0.8660,cropped-bag-images-dev/M9ECEXR0T1F_1.jpg,NULL,15,3721
1200,0.0000,0.0000,1.0000,1.0000,cropped-bag-images-dev/CMEYTVQAV5E_1.jpg,NULL,15,3722
1201,0.3817,0.0669,0.9806,0.9824,cropped-bag-images-dev/06HVV6QN4HQ_1.jpg,NULL,15,3725
